Rank,Player,Nationality,Position,Club,Age,BirthYear,MatchesPlayed,MatchesStarted,MinutesPlayed,MatchesPlayed_90s,Goals_Total,Assists_Total,GoalsPlusAssists,NonPenaltyGoals,PenaltyGoals,PenaltyAttempts,YellowCards,RedCards,xG_Total,NonPenalty_xG,xAG_Total,NonPenalty_xG_plus_xAG,ProgressiveCarries,ProgressivePasses,ProgressivePassesReceived,Goals_Total_per90,Assists_Total_per90,GoalsPlusAssists_per90,NonPenaltyGoals_per90,G+A_ExclPK,xG_Total_per90,xAG_Total_per90,xG_plus_xAG,NonPenalty_xG_per90,NonPenalty_xG_plus_xAG_per90
1,Max Aarons,ENG,DF,Bournemouth,25,2000,3,1,86,1.0,0,0,0,0,0,0,0,0,0.0,0.0,0.0,0.0,1,8,3,0.00,0.00,0.00,0.00,0.00,0.00,0.00,0.00,0.00,0.00
2,Joshua Acheampong,ENG,DF,Chelsea,18,2006,4,2,170,1.9,0,0,0,0,0,0,1,0,0.2,0.2,0.0,0.2,0,8,0,0.00,0.00,0.00,0.00,0.00,0.12,0.00,0.12,0.12,0.12
3,Tyler Adams,USA,MF,Bournemouth,26,1999,21,14,1380,15.3,0,3,3,0,0,0,4,0,1.2,1.2,0.8,2.0,11,54,7,0.00,0.20,0.20,0.00,0.20,0.08,0.05,0.13,0.08,0.13
4,Tosin Adarabioyo,ENG,DF,Chelsea,27,1997,18,12,1182,13.1,1,1,2,1,0,0,3,0,0.9,0.9,0.2,1.1,5,34,1,0.08,0.08,0.15,0.08,0.15,0.07,0.02,0.09,0.07,0.09
5,Simon Adingra,CIV,"FW,MF",Brighton,23,2002,22,7,743,8.3,2,1,3,2,0,0,0,0,1.6,1.6,1.4,3.0,27,12,96,0.24,0.12,0.36,0.24,0.36,0.19,0.17,0.36,0.19,0.36
6,Emmanuel Agbadou,CIV,DF,Wolves,27,1997,9,9,780,8.7,0,0,0,0,0,0,2,0,0.2,0.2,0.1,0.3,1,19,0,0.00,0.00,0.00,0.00,0.00,0.02,0.01,0.03,0.02,0.03
7,Asher Agbinone,ENG,MF,Crystal Palace,19,2005,2,0,6,0.1,0,0,0,0,0,0,0,0,0.0,0.0,0.0,0.1,2,0,1,0.00,0.00,0.00,0.00,0.00,0.29,0.50,0.79,0.29,0.79
8,Ola Aina,NGA,DF,Nott'ham Forest,28,1996,30,30,2569,28.5,2,1,3,2,0,0,2,0,0.6,0.6,0.7,1.3,54,91,52,0.07,0.04,0.11,0.07,0.11,0.02,0.03,0.05,0.02,0.05
9,Rayan Aït-Nouri,ALG,DF,Wolves,23,2001,30,30,2549,28.3,3,5,8,3,0,0,6,1,2.3,2.3,3.5,5.8,68,95,147,0.11,0.18,0.28,0.11,0.28,0.08,0.12,0.20,0.08,0.20
10,Kristoffer Ajer,NOR,DF,Brentford,26,1998,18,16,1295,14.4,0,0,0,0,0,0,4,0,0.7,0.7,1.2,1.9,26,49,39,0.00,0.00,0.00,0.00,0.00,0.05,0.09,0.13,0.05,0.13
11,Manuel Akanji,SUI,DF,Manchester City,29,1995,20,20,1707,19.0,0,0,0,0,0,0,3,0,0.7,0.7,0.4,1.1,38,135,6,0.00,0.00,0.00,0.00,0.00,0.04,0.02,0.06,0.04,0.06
12,Nathan Aké,NED,DF,Manchester City,30,1995,10,8,678,7.5,0,0,0,0,0,0,0,0,0.2,0.2,0.0,0.2,12,50,2,0.00,0.00,0.00,0.00,0.00,0.03,0.00,0.03,0.03,0.03
13,Carlos Alcaraz,ARG,MF,Southampton,22,2002,1,0,10,0.1,0,0,0,0,0,0,0,0,0.1,0.1,0.1,0.2,4,6,1,0.00,0.00,0.00,0.00,0.00,0.62,0.86,1.48,0.62,1.48
14,Carlos Alcaraz,ARG,"MF,FW",Everton,22,2002,8,4,410,4.6,1,1,2,1,0,0,3,0,1.2,1.2,1.1,2.3,10,20,8,0.22,0.22,0.44,0.22,0.44,0.27,0.25,0.51,0.27,0.51
15,Trent Alexander-Arnold,ENG,DF,Liverpool,26,1998,28,26,2145,23.8,2,6,8,2,0,0,4,0,1.6,1.6,6.7,8.3,48,204,87,0.08,0.25,0.34,0.08,0.34,0.07,0.28,0.35,0.07,0.35
16,Alisson,BRA,GK,Liverpool,32,1992,21,21,1878,20.9,0,0,0,0,0,0,0,0,0.0,0.0,0.6,0.6,0,0,0,0.00,0.00,0.00,0.00,0.00,0.00,0.03,0.03,0.00,0.03
17,Miguel Almirón,PAR,FW,Newcastle Utd,31,1994,9,1,157,1.7,0,0,0,0,0,0,0,0,0.5,0.5,0.3,0.8,3,6,18,0.00,0.00,0.00,0.00,0.00,0.30,0.15,0.45,0.30,0.45
18,Edson Álvarez,MEX,MF,West Ham,27,1997,25,19,1633,18.1,0,1,1,0,0,0,8,1,0.3,0.3,0.8,1.1,21,75,18,0.00,0.06,0.06,0.00,0.06,0.02,0.04,0.06,0.02,0.06
19,Will Alves,ENG,FW,Leicester City,20,2005,1,0,1,0.0,0,0,0,0,0,0,0,0,0.0,0.0,0.0,0.0,0,0,1,0.00,0.00,0.00,0.00,0.00,0.00,0.00,0.00,0.00,0.00
20,Harry Amass,ENG,DF,Manchester Utd,18,2007,1,0,22,0.2,0,0,0,0,0,0,0,0,0.0,0.0,0.0,0.0,0,1,1,0.00,0.00,0.00,0.00,0.00,0.00,0.00,0.00,0.00,0.00
21,Samuel Amo-Ameyaw,ENG,"FW,DF",Southampton,18,2006,2,0,28,0.3,0,0,0,0,0,0,1,0,0.0,0.0,0.1,0.1,1,0,3,0.00,0.00,0.00,0.00,0.00,0.07,0.22,0.29,0.07,0.29
22,Mathis Amougou,FRA,MF,Chelsea,19,2006,1,0,8,0.1,0,0,0,0,0,0,0,0,0.0,0.0,0.0,0.0,0,1,0,0.00,0.00,0.00,0.00,0.00,0.00,0.00,0.00,0.00,0.00
23,Joachim Andersen,DEN,DF,Crystal Palace,28,1996,1,1,90,1.0,0,0,0,0,0,0,1,0,0.0,0.0,0.0,0.0,1,4,1,0.00,0.00,0.00,0.00,0.00,0.04,0.00,0.04,0.04,0.04
24,Joachim Andersen,DEN,DF,Fulham,28,1996,22,22,1953,21.7,0,0,0,0,0,0,5,1,0.4,0.4,0.3,0.8,11,95,1,0.00,0.00,0.00,0.00,0.00,0.02,0.02,0.04,0.02,0.04
25,Elliot Anderson,ENG,MF,Nott'ham Forest,22,2002,30,26,2137,23.7,1,6,7,1,0,0,6,0,1.6,1.6,3.0,4.6,36,108,76,0.04,0.25,0.29,0.04,0.29,0.07,0.13,0.19,0.07,0.19
26,André,BRA,MF,Wolves,23,2001,26,24,1907,21.2,0,0,0,0,0,0,6,0,0.3,0.3,0.6,0.9,7,83,11,0.00,0.00,0.00,0.00,0.00,0.01,0.03,0.04,0.01,0.04
27,Michail Antonio,JAM,FW,West Ham,35,1990,14,11,836,9.3,1,1,2,1,0,0,1,0,2.2,2.2,1.6,3.8,29,18,59,0.11,0.11,0.22,0.11,0.22,0.24,0.17,0.41,0.24,0.41
28,Antony,BRA,"DF,MF",Manchester Utd,25,2000,8,0,141,1.6,0,0,0,0,0,0,0,0,1.0,1.0,0.1,1.1,5,6,7,0.00,0.00,0.00,0.00,0.00,0.65,0.08,0.73,0.65,0.73
29,Julian Araujo,MEX,DF,Bournemouth,23,2001,8,5,355,3.9,0,0,0,0,0,0,1,0,0.0,0.0,0.0,0.0,2,14,11,0.00,0.00,0.00,0.00,0.00,0.00,0.00,0.00,0.00,0.00
30,Cameron Archer,ENG,FW,Southampton,23,2001,28,12,1254,13.9,2,0,2,2,0,1,0,0,4.9,4.1,0.3,4.5,16,13,58,0.14,0.00,0.14,0.14,0.14,0.36,0.02,0.38,0.30,0.32
31,Alphonse Areola,FRA,GK,West Ham,32,1993,20,19,1720,19.1,0,0,0,0,0,0,0,0,0.0,0.0,0.0,0.0,0,0,0,0.00,0.00,0.00,0.00,0.00,0.00,0.00,0.00,0.00,0.00
32,Joe Aribo,NGA,"MF,DF",Southampton,28,1996,30,20,1909,21.2,3,0,3,3,0,0,1,0,2.7,2.7,1.6,4.3,35,71,64,0.14,0.00,0.14,0.14,0.14,0.13,0.07,0.20,0.13,0.20
33,Adam Armstrong,ENG,"FW,MF",Southampton,28,1997,20,15,1248,13.9,2,2,4,2,0,1,4,0,3.3,2.3,1.2,3.5,25,21,79,0.14,0.14,0.29,0.14,0.29,0.24,0.09,0.32,0.17,0.25
34,Harrison Armstrong,ENG,MF,Everton,18,2007,3,0,48,0.5,0,0,0,0,0,0,1,0,0.4,0.4,0.1,0.4,1,1,0,0.00,0.00,0.00,0.00,0.00,0.69,0.14,0.82,0.69,0.82
35,Kepa Arrizabalaga,ESP,GK,Bournemouth,30,1994,24,24,2160,24.0,0,0,0,0,0,0,3,0,0.1,0.1,0.0,0.1,0,0,0,0.00,0.00,0.00,0.00,0.00,0.00,0.00,0.00,0.00,0.00
36,Marco Asensio,ESP,"MF,FW",Aston Villa,29,1996,6,3,305,3.4,3,1,4,3,0,0,1,0,2.1,2.1,0.3,2.4,14,22,11,0.89,0.30,1.18,0.89,1.18,0.63,0.08,0.71,0.63,0.71
37,Brandon Austin,ENG,GK,Tottenham,26,1999,1,1,90,1.0,0,0,0,0,0,0,0,0,0.0,0.0,0.0,0.0,0,0,0,0.00,0.00,0.00,0.00,0.00,0.00,0.00,0.00,0.00,0.00
38,Taiwo Awoniyi,NGA,FW,Nott'ham Forest,27,1997,23,3,363,4.0,1,0,1,1,0,0,0,0,2.1,2.1,0.1,2.2,6,7,19,0.25,0.00,0.25,0.25,0.25,0.52,0.03,0.55,0.52,0.55
39,Yasin Ayari,SWE,MF,Brighton,21,2003,27,17,1543,17.1,0,1,1,0,0,0,3,0,2.1,2.1,2.1,4.2,22,58,54,0.00,0.06,0.06,0.00,0.06,0.12,0.12,0.25,0.12,0.25
40,Jordan Ayew,GHA,"FW,MF",Crystal Palace,33,1991,1,0,21,0.2,0,0,0,0,0,0,1,0,0.5,0.5,0.0,0.5,0,0,1,0.00,0.00,0.00,0.00,0.00,1.96,0.21,2.17,1.96,2.17
41,Jordan Ayew,GHA,"FW,MF",Leicester City,33,1991,25,15,1310,14.6,4,0,4,3,1,1,5,0,2.8,2.0,0.8,2.8,38,31,68,0.27,0.00,0.27,0.21,0.21,0.19,0.05,0.25,0.14,0.19
42,Benoît Badiashile,FRA,DF,Chelsea,24,2001,5,3,334,3.7,0,0,0,0,0,0,0,0,0.0,0.0,0.0,0.0,3,17,2,0.00,0.00,0.00,0.00,0.00,0.00,0.00,0.00,0.00,0.00
43,Leon Bailey,JAM,"FW,MF",Aston Villa,27,1997,23,14,1138,12.6,1,2,3,1,0,0,3,0,1.7,1.7,1.5,3.3,57,35,121,0.08,0.16,0.24,0.08,0.24,0.14,0.12,0.26,0.14,0.26
44,Carlos Baleba,CMR,MF,Brighton,21,2004,27,24,2057,22.9,2,1,3,2,0,0,8,1,3.0,3.0,1.1,4.1,34,99,26,0.09,0.04,0.13,0.09,0.13,0.13,0.05,0.18,0.13,0.18
45,Ross Barkley,ENG,MF,Aston Villa,31,1993,16,3,554,6.2,3,1,4,3,0,0,3,0,1.7,1.7,0.6,2.3,14,32,8,0.49,0.16,0.65,0.49,0.65,0.27,0.09,0.37,0.27,0.37
46,Harvey Barnes,ENG,FW,Newcastle Utd,27,1997,25,9,1082,12.0,6,3,9,6,0,0,0,0,5.0,5.0,3.1,8.0,57,56,118,0.50,0.25,0.75,0.50,0.75,0.41,0.26,0.67,0.41,0.67
47,Calvin Bassey,NGA,DF,Fulham,25,1999,29,28,2534,28.2,1,0,1,1,0,0,5,0,1.0,1.0,0.1,1.1,23,89,12,0.04,0.00,0.04,0.04,0.04,0.04,0.00,0.04,0.04,0.04
48,Jan Bednarek,POL,DF,Southampton,29,1996,25,25,2081,23.1,2,0,2,2,0,0,6,0,0.7,0.7,0.5,1.2,4,55,1,0.09,0.00,0.09,0.09,0.09,0.03,0.02,0.05,0.03,0.05
49,Armel Bella Kotchap,GER,DF,Southampton,23,2001,4,2,331,3.7,0,0,0,0,0,0,0,0,0.3,0.3,0.0,0.3,0,5,0,0.00,0.00,0.00,0.00,0.00,0.09,0.00,0.09,0.09,0.09
50,Jean-Ricner Bellegarde,FRA,"MF,FW",Wolves,26,1998,29,17,1438,16.0,2,6,8,2,0,0,3,0,1.3,1.3,3.6,4.9,45,35,79,0.13,0.38,0.50,0.13,0.50,0.08,0.22,0.31,0.08,0.31
51,Rodrigo Bentancur,URU,MF,Tottenham,27,1997,21,18,1392,15.5,2,0,2,2,0,0,7,0,1.3,1.3,0.4,1.7,21,84,30,0.13,0.00,0.13,0.13,0.13,0.09,0.03,0.11,0.09,0.11
52,Sander Berge,NOR,MF,Fulham,27,1998,24,20,1824,20.3,0,0,0,0,0,0,4,0,0.2,0.2,0.6,0.8,20,94,8,0.00,0.00,0.00,0.00,0.00,0.01,0.03,0.04,0.01,0.04
53,Lucas Bergvall,SWE,MF,Tottenham,19,2006,24,10,1076,12.0,0,1,1,0,0,0,3,0,0.7,0.7,0.5,1.2,27,45,27,0.00,0.08,0.08,0.00,0.08,0.06,0.04,0.10,0.06,0.10
54,Victor Bernth Kristiansen,DEN,DF,Leicester City,22,2002,28,28,2380,26.4,0,1,1,0,0,0,1,0,0.3,0.3,1.4,1.7,39,69,75,0.00,0.04,0.04,0.00,0.04,0.01,0.05,0.06,0.01,0.06
55,Beto,GNB,FW,Everton,27,1998,23,10,1074,11.9,6,0,6,6,0,0,2,0,6.1,6.1,0.7,6.7,12,8,54,0.50,0.00,0.50,0.50,0.50,0.51,0.06,0.56,0.51,0.56
56,Philip Billing,DEN,MF,Bournemouth,28,1996,10,1,184,2.0,0,0,0,0,0,0,1,0,0.6,0.6,1.1,1.7,3,15,13,0.00,0.00,0.00,0.00,0.00,0.28,0.54,0.82,0.28,0.82
57,Yves Bissouma,MLI,MF,Tottenham,28,1996,23,14,1156,12.8,2,0,2,2,0,0,6,0,0.6,0.6,0.3,0.8,15,69,3,0.16,0.00,0.16,0.16,0.16,0.04,0.02,0.07,0.04,0.07
58,Oscar Bobb,NOR,FW,Manchester City,21,2003,1,0,6,0.1,0,0,0,0,0,0,0,0,0.0,0.0,0.0,0.0,0,0,0,0.00,0.00,0.00,0.00,0.00,0.00,0.00,0.00,0.00,0.00
59,Lamare Bogarde,NED,"DF,MF",Aston Villa,21,2004,8,5,476,5.3,0,0,0,0,0,0,2,0,0.0,0.0,0.1,0.2,12,14,9,0.00,0.00,0.00,0.00,0.00,0.01,0.02,0.03,0.01,0.03
60,Willy Boly,CIV,DF,Nott'ham Forest,34,1991,6,1,150,1.7,0,0,0,0,0,0,1,0,0.1,0.1,0.0,0.1,0,2,0,0.00,0.00,0.00,0.00,0.00,0.04,0.00,0.04,0.04,0.04
61,Sven Botman,NED,DF,Newcastle Utd,25,2000,3,3,224,2.5,0,0,0,0,0,0,1,0,0.0,0.0,0.0,0.0,0,3,0,0.00,0.00,0.00,0.00,0.00,0.01,0.00,0.01,0.01,0.01
62,Jarrod Bowen,ENG,"FW,MF",West Ham,28,1996,27,27,2366,26.3,8,5,13,7,1,1,1,0,6.8,6.1,5.3,11.4,88,80,164,0.30,0.19,0.49,0.27,0.46,0.26,0.20,0.46,0.23,0.43
63,Conor Bradley,NIR,DF,Liverpool,21,2003,13,2,396,4.4,0,1,1,0,0,0,2,0,0.5,0.5,0.3,0.8,20,18,18,0.00,0.23,0.23,0.00,0.23,0.11,0.08,0.19,0.11,0.19
64,Jarrad Branthwaite,ENG,DF,Everton,22,2002,24,22,1988,22.1,0,1,1,0,0,0,3,0,0.8,0.8,0.6,1.3,8,49,1,0.00,0.05,0.05,0.00,0.05,0.03,0.03,0.06,0.03,0.06
65,James Bree,ENG,DF,Southampton,27,1997,14,11,890,9.9,0,1,1,0,0,0,0,0,0.1,0.1,0.9,1.0,9,30,34,0.00,0.10,0.10,0.00,0.10,0.01,0.09,0.10,0.01,0.10
66,Ben Brereton,CHI,FW,Southampton,25,1999,10,4,449,5.0,0,0,0,0,0,0,1,0,0.9,0.9,0.1,1.0,12,9,42,0.00,0.00,0.00,0.00,0.00,0.18,0.02,0.20,0.18,0.20
67,Nathan Broadhead,WAL,"MF,FW",Ipswich Town,27,1998,15,6,590,6.6,1,0,1,1,0,0,1,0,1.5,1.5,0.6,2.1,15,11,25,0.15,0.00,0.15,0.15,0.15,0.23,0.10,0.33,0.23,0.33
68,Armando Broja,ALB,FW,Everton,23,2001,8,2,209,2.3,0,0,0,0,0,0,1,0,0.1,0.1,0.1,0.2,10,2,18,0.00,0.00,0.00,0.00,0.00,0.05,0.05,0.10,0.05,0.10
69,David Brooks,WAL,"FW,MF",Bournemouth,27,1997,24,8,793,8.8,2,0,2,2,0,0,3,0,2.2,2.2,1.7,3.9,25,26,72,0.23,0.00,0.23,0.23,0.23,0.25,0.19,0.44,0.25,0.44
70,Emi Buendía,ARG,"MF,FW",Aston Villa,28,1996,12,0,98,1.1,0,0,0,0,0,0,1,0,0.7,0.7,0.0,0.7,3,7,6,0.00,0.00,0.00,0.00,0.00,0.60,0.02,0.62,0.60,0.62
71,Santiago Bueno,URU,DF,Wolves,26,1998,24,17,1536,17.1,0,0,0,0,0,0,2,0,0.4,0.4,0.0,0.4,1,27,1,0.00,0.00,0.00,0.00,0.00,0.03,0.00,0.03,0.03,0.03
72,Facundo Buonanotte,ARG,"FW,MF",Leicester City,20,2004,27,13,1399,15.5,4,2,6,4,0,0,7,0,3.6,3.6,3.0,6.6,37,49,63,0.26,0.13,0.39,0.26,0.39,0.23,0.20,0.42,0.23,0.42
73,Cameron Burgess,AUS,DF,Ipswich Town,29,1995,13,12,1125,12.5,0,1,1,0,0,0,0,0,0.7,0.7,0.5,1.2,2,36,3,0.00,0.08,0.08,0.00,0.08,0.06,0.04,0.09,0.06,0.09
74,Dan Burn,ENG,DF,Newcastle Utd,32,1992,29,29,2610,29.0,0,0,0,0,0,0,8,0,1.1,1.1,0.5,1.6,6,45,6,0.00,0.00,0.00,0.00,0.00,0.04,0.02,0.05,0.04,0.05
75,Wes Burns,WAL,"FW,DF",Ipswich Town,30,1994,18,12,926,10.3,0,1,1,0,0,0,1,0,0.5,0.5,1.6,2.2,38,8,65,0.00,0.10,0.10,0.00,0.10,0.05,0.16,0.21,0.05,0.21
76,Moisés Caicedo,ECU,MF,Chelsea,23,2001,31,31,2721,30.2,1,2,3,1,0,0,9,0,0.6,0.6,2.8,3.4,35,166,28,0.03,0.07,0.10,0.03,0.10,0.02,0.09,0.11,0.02,0.11
77,Tom Cairney,SCO,MF,Fulham,34,1991,19,2,438,4.9,1,0,1,1,0,0,2,1,0.1,0.1,0.7,0.9,13,45,21,0.21,0.00,0.21,0.21,0.21,0.03,0.14,0.17,0.03,0.17
78,Jens Cajuste,SWE,MF,Ipswich Town,25,1999,24,21,1604,17.8,1,0,1,1,0,0,2,0,0.4,0.4,0.6,1.0,23,44,14,0.06,0.00,0.06,0.06,0.06,0.02,0.03,0.05,0.02,0.05
79,Riccardo Calafiori,ITA,DF,Arsenal,22,2002,17,11,925,10.3,2,1,3,2,0,0,4,0,0.9,0.9,0.3,1.1,21,54,29,0.19,0.10,0.29,0.19,0.29,0.08,0.03,0.11,0.08,0.11
80,Dominic Calvert-Lewin,ENG,FW,Everton,28,1997,22,19,1574,17.5,3,1,4,3,0,0,2,0,6.1,6.1,0.6,6.7,22,19,105,0.17,0.06,0.23,0.17,0.23,0.35,0.04,0.39,0.35,0.39
81,Diego Carlos,BRA,DF,Aston Villa,32,1993,10,8,830,9.2,0,0,0,0,0,0,1,0,0.6,0.6,0.0,0.6,3,34,0,0.00,0.00,0.00,0.00,0.00,0.07,0.00,0.07,0.07,0.07
82,Fabio Carvalho,POR,"FW,MF",Brentford,22,2002,19,3,455,5.1,2,1,3,2,0,0,1,0,2.5,2.5,0.7,3.2,9,17,23,0.40,0.20,0.59,0.40,0.59,0.49,0.13,0.62,0.49,0.62
83,Casemiro,BRA,MF,Manchester Utd,33,1992,21,15,1271,14.1,1,0,1,1,0,0,3,0,1.5,1.5,2.2,3.7,4,65,26,0.07,0.00,0.07,0.07,0.07,0.10,0.16,0.26,0.10,0.26
84,Kaelan Casey,ENG,DF,West Ham,20,2004,1,0,1,0.0,0,0,0,0,0,0,0,0,0.0,0.0,0.0,0.0,0,0,0,0.00,0.00,0.00,0.00,0.00,0.00,0.00,0.00,0.00,0.00
85,Matty Cash,POL,DF,Aston Villa,27,1997,20,17,1476,16.4,1,1,2,1,0,0,6,0,0.3,0.3,1.1,1.3,39,32,53,0.06,0.06,0.12,0.06,0.12,0.02,0.07,0.08,0.02,0.08
86,Eiran Cashin,IRL,DF,Brighton,23,2001,1,0,19,0.2,0,0,0,0,0,0,0,0,0.0,0.0,0.0,0.0,0,5,1,0.00,0.00,0.00,0.00,0.00,0.00,0.00,0.00,0.00,0.00
87,Timothy Castagne,BEL,DF,Fulham,29,1995,21,16,1522,16.9,0,1,1,0,0,0,1,0,0.4,0.4,1.2,1.6,17,58,65,0.00,0.06,0.06,0.00,0.06,0.02,0.07,0.09,0.02,0.09
88,Trevoh Chalobah,ENG,DF,Crystal Palace,25,1999,12,12,1060,11.8,3,0,3,3,0,0,1,0,1.2,1.2,0.4,1.6,11,34,6,0.25,0.00,0.25,0.25,0.25,0.10,0.03,0.14,0.10,0.14
89,Trevoh Chalobah,ENG,DF,Chelsea,25,1999,8,6,476,5.3,0,1,1,0,0,0,1,0,0.2,0.2,1.2,1.4,2,18,0,0.00,0.19,0.19,0.00,0.19,0.05,0.22,0.27,0.05,0.27
90,Conor Chaplin,ENG,"MF,FW",Ipswich Town,28,1997,16,7,624,6.9,1,1,2,1,0,0,1,0,1.2,1.2,0.6,1.8,10,25,20,0.14,0.14,0.29,0.14,0.29,0.17,0.09,0.26,0.17,0.26
91,Youssef Chermiti,POR,"FW,MF",Everton,20,2004,2,0,17,0.2,0,0,0,0,0,0,1,0,0.1,0.1,0.0,0.1,0,1,4,0.00,0.00,0.00,0.00,0.00,0.36,0.00,0.36,0.36,0.36
92,Federico Chiesa,ITA,FW,Liverpool,27,1997,4,0,37,0.4,0,0,0,0,0,0,0,0,0.2,0.2,0.0,0.2,2,2,6,0.00,0.00,0.00,0.00,0.00,0.60,0.00,0.60,0.60,0.60
93,Ben Chilwell,ENG,DF,Crystal Palace,28,1996,5,0,111,1.2,0,0,0,0,0,0,1,0,0.1,0.1,0.2,0.3,1,3,7,0.00,0.00,0.00,0.00,0.00,0.06,0.16,0.22,0.06,0.22
94,Chiquinho,POR,MF,Wolves,25,2000,1,0,7,0.1,0,0,0,0,0,0,0,0,0.0,0.0,0.0,0.0,0,0,0,0.00,0.00,0.00,0.00,0.00,0.00,0.42,0.42,0.00,0.42
95,Hamza Choudhury,BAN,"MF,DF",Leicester City,27,1997,4,1,131,1.5,0,0,0,0,0,0,0,0,0.0,0.0,0.4,0.4,4,3,6,0.00,0.00,0.00,0.00,0.00,0.00,0.27,0.27,0.00,0.27
96,Ryan Christie,SCO,MF,Bournemouth,30,1995,29,27,2117,23.5,2,3,5,2,0,0,9,0,1.8,1.8,3.5,5.4,34,137,44,0.09,0.13,0.21,0.09,0.21,0.08,0.15,0.23,0.08,0.23
97,Harry Clarke,ENG,DF,Ipswich Town,24,2001,7,4,379,4.2,0,0,0,0,0,0,3,1,0.1,0.1,0.0,0.1,5,14,2,0.00,0.00,0.00,0.00,0.00,0.02,0.01,0.03,0.02,0.03
98,Jack Clarke,ENG,"FW,MF",Ipswich Town,24,2000,25,8,890,9.9,0,4,4,0,0,0,2,0,0.9,0.9,1.9,2.8,25,28,47,0.00,0.40,0.40,0.00,0.40,0.10,0.19,0.28,0.10,0.28
99,Nathaniel Clyne,ENG,"DF,MF",Crystal Palace,34,1991,12,5,455,5.1,0,0,0,0,0,0,1,0,0.0,0.0,0.3,0.3,6,7,8,0.00,0.00,0.00,0.00,0.00,0.00,0.06,0.06,0.00,0.06
100,Conor Coady,ENG,DF,Leicester City,32,1993,15,12,1084,12.0,0,0,0,0,0,0,1,0,0.0,0.0,0.1,0.1,2,26,0,0.00,0.00,0.00,0.00,0.00,0.00,0.00,0.00,0.00,0.00
101,Séamus Coleman,IRL,DF,Everton,36,1988,3,2,197,2.2,0,0,0,0,0,0,1,0,0.6,0.6,0.0,0.6,1,8,2,0.00,0.00,0.00,0.00,0.00,0.26,0.00,0.26,0.26,0.26
102,Nathan Collins,IRL,DF,Brentford,23,2001,31,31,2790,31.0,2,1,3,2,0,0,4,0,2.3,2.3,1.4,3.7,24,106,17,0.06,0.03,0.10,0.06,0.10,0.07,0.04,0.12,0.07,0.12
103,Toby Collyer,ENG,MF,Manchester Utd,21,2004,6,0,179,2.0,0,0,0,0,0,0,0,0,0.2,0.2,0.3,0.4,0,5,2,0.00,0.00,0.00,0.00,0.00,0.09,0.13,0.22,0.09,0.22
104,Levi Colwill,ENG,DF,Chelsea,22,2003,28,28,2519,28.0,1,1,2,1,0,0,7,0,0.7,0.7,1.1,1.8,10,109,7,0.04,0.04,0.07,0.04,0.07,0.03,0.04,0.06,0.03,0.06
105,Lewis Cook,ENG,"MF,DF",Bournemouth,28,1997,30,28,2572,28.6,1,3,4,1,0,0,7,0,0.9,0.9,4.1,5.0,33,147,46,0.03,0.10,0.14,0.03,0.14,0.03,0.14,0.17,0.03,0.17
106,Maxwel Cornet,CIV,FW,Southampton,28,1996,2,1,72,0.8,0,0,0,0,0,0,1,0,0.2,0.2,0.0,0.2,1,0,5,0.00,0.00,0.00,0.00,0.00,0.20,0.00,0.20,0.20,0.20
107,Vladimír Coufal,CZE,DF,West Ham,32,1992,15,8,736,8.2,0,0,0,0,0,0,2,0,0.2,0.2,0.6,0.8,11,28,21,0.00,0.00,0.00,0.00,0.00,0.02,0.08,0.10,0.02,0.10
108,Woyo Coulibaly,FRA,DF,Leicester City,25,1999,4,1,109,1.2,0,0,0,0,0,0,1,0,0.0,0.0,0.0,0.0,4,3,2,0.00,0.00,0.00,0.00,0.00,0.04,0.00,0.04,0.04,0.04
109,Aaron Cresswell,ENG,DF,West Ham,35,1989,14,7,589,6.5,0,0,0,0,0,0,2,0,0.1,0.1,1.1,1.3,4,24,2,0.00,0.00,0.00,0.00,0.00,0.02,0.17,0.19,0.02,0.19
110,Marc Cucurella,ESP,DF,Chelsea,26,1998,29,26,2358,26.2,4,1,5,4,0,0,9,1,2.2,2.2,1.7,3.9,29,91,96,0.15,0.04,0.19,0.15,0.19,0.08,0.07,0.15,0.08,0.15
111,Jorge Cuenca,ESP,DF,Fulham,25,1999,6,3,259,2.9,0,0,0,0,0,0,0,0,0.0,0.0,0.0,0.0,0,9,0,0.00,0.00,0.00,0.00,0.00,0.01,0.00,0.01,0.01,0.01
112,Matheus Cunha,BRA,"MF,FW",Wolves,25,1999,26,24,2143,23.8,13,4,17,13,0,0,3,0,6.7,6.7,6.6,13.4,92,112,137,0.55,0.17,0.71,0.55,0.71,0.28,0.28,0.56,0.28,0.56
113,Patson Daka,ZAM,"FW,MF",Leicester City,26,1998,18,5,587,6.5,1,0,1,1,0,0,0,0,0.8,0.8,0.0,0.8,8,8,30,0.15,0.00,0.15,0.15,0.15,0.12,0.00,0.12,0.12,0.12
114,Diogo Dalot,POR,DF,Manchester Utd,26,1999,30,30,2666,29.6,0,2,2,0,0,0,5,0,2.0,2.0,1.9,3.9,60,96,157,0.00,0.07,0.07,0.00,0.07,0.07,0.06,0.13,0.07,0.13
115,Mikkel Damsgaard,DEN,"MF,FW",Brentford,24,2000,31,27,2330,25.9,2,10,12,2,0,0,2,0,2.6,2.6,7.3,9.9,59,195,110,0.08,0.39,0.46,0.08,0.46,0.10,0.28,0.38,0.10,0.38
116,Danilo,BRA,"MF,FW",Nott'ham Forest,23,2001,6,4,210,2.3,0,0,0,0,0,0,0,0,0.0,0.0,0.0,0.0,2,10,1,0.00,0.00,0.00,0.00,0.00,0.00,0.00,0.00,0.00,0.00
117,Jayden Danns,ENG,MF,Liverpool,19,2006,1,0,11,0.1,0,0,0,0,0,0,0,0,0.0,0.0,0.0,0.0,0,0,0,0.00,0.00,0.00,0.00,0.00,0.00,0.00,0.00,0.00,0.00
118,Kevin Danso,AUT,DF,Tottenham,26,1998,4,4,347,3.9,0,0,0,0,0,0,0,0,0.3,0.3,0.0,0.4,2,7,0,0.00,0.00,0.00,0.00,0.00,0.09,0.01,0.10,0.09,0.10
119,Ben Davies,WAL,DF,Tottenham,31,1993,10,9,811,9.0,0,0,0,0,0,0,2,0,0.2,0.2,0.1,0.2,6,38,5,0.00,0.00,0.00,0.00,0.00,0.02,0.01,0.03,0.02,0.03
120,Leif Davis,ENG,DF,Ipswich Town,25,2000,29,28,2471,27.5,1,2,3,1,0,0,5,0,0.9,0.9,4.3,5.2,47,55,117,0.04,0.07,0.11,0.04,0.11,0.03,0.16,0.19,0.03,0.19
121,Craig Dawson,ENG,DF,Wolves,34,1990,15,10,971,10.8,0,0,0,0,0,0,2,0,0.5,0.5,0.0,0.5,6,20,5,0.00,0.00,0.00,0.00,0.00,0.05,0.00,0.05,0.05,0.05
122,Kevin De Bruyne,BEL,MF,Manchester City,33,1991,21,13,1193,13.3,2,6,8,2,0,0,2,0,2.7,2.7,6.1,8.8,39,116,112,0.15,0.45,0.60,0.15,0.60,0.20,0.46,0.66,0.20,0.66
123,Liam Delap,ENG,FW,Ipswich Town,22,2003,30,29,2324,25.8,12,2,14,10,2,2,8,0,9.0,7.4,1.9,9.2,57,29,100,0.46,0.08,0.54,0.39,0.46,0.35,0.07,0.42,0.29,0.36
124,Sepp van den Berg,NED,DF,Brentford,23,2001,24,22,1956,21.7,0,0,0,0,0,0,2,0,1.3,1.3,0.2,1.5,7,58,26,0.00,0.00,0.00,0.00,0.00,0.06,0.01,0.07,0.06,0.07
125,Justin Devenny,NIR,MF,Crystal Palace,21,2003,16,3,332,3.7,1,0,1,1,0,0,0,0,0.5,0.5,0.3,0.9,3,10,9,0.27,0.00,0.27,0.27,0.27,0.14,0.09,0.23,0.14,0.23
126,Kiernan Dewsbury-Hall,ENG,"MF,FW",Chelsea,26,1998,11,2,258,2.9,0,1,1,0,0,0,0,0,0.2,0.2,1.1,1.3,5,14,11,0.00,0.35,0.35,0.00,0.35,0.08,0.37,0.45,0.08,0.45
127,Amad Diallo,CIV,"FW,MF",Manchester Utd,22,2002,22,17,1594,17.7,6,6,12,6,0,0,3,0,4.1,4.1,3.9,8.0,92,53,159,0.34,0.34,0.68,0.34,0.68,0.23,0.22,0.45,0.23,0.45
128,Rúben Dias,POR,DF,Manchester City,27,1997,20,18,1641,18.2,0,0,0,0,0,0,4,0,1.3,1.3,0.3,1.5,30,102,6,0.00,0.00,0.00,0.00,0.00,0.07,0.01,0.08,0.07,0.08
129,Luis Díaz,COL,FW,Liverpool,28,1997,30,23,1971,21.9,10,5,15,10,0,0,2,0,8.1,8.1,4.2,12.3,98,96,246,0.46,0.23,0.68,0.46,0.68,0.37,0.19,0.56,0.37,0.56
130,Tyler Dibling,ENG,"FW,MF",Southampton,19,2006,27,18,1622,18.0,2,0,2,2,0,0,6,0,2.4,2.4,1.5,3.9,63,59,85,0.11,0.00,0.11,0.11,0.11,0.13,0.08,0.22,0.13,0.22
131,Lucas Digne,FRA,DF,Aston Villa,31,1993,29,26,2151,23.9,0,4,4,0,0,0,3,0,0.8,0.8,4.1,4.9,21,51,135,0.00,0.17,0.17,0.00,0.17,0.03,0.17,0.21,0.03,0.21
132,Issa Diop,FRA,DF,Fulham,28,1997,21,15,1339,14.9,0,0,0,0,0,0,2,0,0.5,0.5,0.1,0.6,6,25,3,0.00,0.00,0.00,0.00,0.00,0.04,0.01,0.04,0.04,0.04
133,Axel Disasi,FRA,DF,Aston Villa,27,1998,6,5,460,5.1,0,0,0,0,0,0,2,0,0.1,0.1,0.4,0.5,10,15,5,0.00,0.00,0.00,0.00,0.00,0.02,0.08,0.09,0.02,0.09
134,Axel Disasi,FRA,DF,Chelsea,27,1998,6,4,364,4.0,1,0,1,1,0,0,1,0,0.3,0.3,0.1,0.4,6,16,2,0.25,0.00,0.25,0.25,0.25,0.07,0.02,0.09,0.07,0.09
135,Roman Dixon,ENG,DF,Everton,20,2004,1,1,90,1.0,0,0,0,0,0,0,0,0,0.0,0.0,0.0,0.0,0,0,1,0.00,0.00,0.00,0.00,0.00,0.00,0.00,0.00,0.00,0.00
136,Nasser Djiga,BFA,DF,Wolves,22,2002,3,0,20,0.2,0,0,0,0,0,0,0,0,0.0,0.0,0.0,0.0,0,0,1,0.00,0.00,0.00,0.00,0.00,0.00,0.00,0.00,0.00,0.00
137,Matt Doherty,IRL,DF,Wolves,33,1992,24,20,1764,19.6,2,1,3,2,0,0,6,0,1.0,1.0,1.5,2.5,29,73,39,0.10,0.05,0.15,0.10,0.15,0.05,0.08,0.13,0.05,0.13
138,Jeremy Doku,BEL,"FW,MF",Manchester City,22,2002,22,14,1273,14.1,3,4,7,3,0,0,1,0,1.0,1.0,3.5,4.5,166,59,223,0.21,0.28,0.49,0.21,0.49,0.07,0.25,0.32,0.07,0.32
139,Nicolás Domínguez,ARG,"MF,FW",Nott'ham Forest,26,1998,27,17,1493,16.6,0,0,0,0,0,0,8,0,1.4,1.4,1.2,2.6,12,58,22,0.00,0.00,0.00,0.00,0.00,0.08,0.07,0.16,0.08,0.16
140,Patrick Dorgu,DEN,DF,Manchester Utd,20,2004,5,5,402,4.5,0,0,0,0,0,0,1,1,0.3,0.3,0.4,0.7,20,19,43,0.00,0.00,0.00,0.00,0.00,0.08,0.09,0.16,0.08,0.16
141,Alfie Dorrington,ENG,DF,Tottenham,19,2005,1,0,14,0.2,0,0,0,0,0,0,0,0,0.0,0.0,0.0,0.0,0,0,0,0.00,0.00,0.00,0.00,0.00,0.00,0.00,0.00,0.00,0.00
142,Abdoulaye Doucouré,MLI,MF,Everton,32,1993,27,26,2155,23.9,2,1,3,2,0,0,4,1,3.2,3.2,2.0,5.3,35,67,79,0.08,0.04,0.13,0.08,0.13,0.13,0.09,0.22,0.13,0.22
143,Cheick Doucouré,MLI,MF,Crystal Palace,25,2000,13,4,452,5.0,0,0,0,0,0,0,1,0,0.4,0.4,0.0,0.4,2,19,7,0.00,0.00,0.00,0.00,0.00,0.08,0.00,0.08,0.08,0.08
144,Flynn Downes,ENG,MF,Southampton,26,1999,21,19,1611,17.9,1,0,1,1,0,0,10,0,0.6,0.6,0.9,1.5,21,55,26,0.06,0.00,0.06,0.06,0.06,0.03,0.05,0.08,0.03,0.08
145,Tommy Doyle,ENG,MF,Wolves,23,2001,24,3,488,5.4,0,1,1,0,0,0,1,0,0.6,0.6,0.5,1.1,6,40,4,0.00,0.18,0.18,0.00,0.18,0.10,0.09,0.20,0.10,0.20
146,Radu Drăgușin,ROU,DF,Tottenham,23,2002,16,14,1252,13.9,0,0,0,0,0,0,1,0,0.1,0.1,0.4,0.5,7,37,2,0.00,0.00,0.00,0.00,0.00,0.01,0.03,0.04,0.01,0.04
147,Martin Dúbravka,SVK,GK,Newcastle Utd,36,1989,10,10,900,10.0,0,0,0,0,0,0,0,0,0.0,0.0,0.0,0.0,0,0,0,0.00,0.00,0.00,0.00,0.00,0.00,0.00,0.00,0.00,0.00
148,Lewis Dunk,ENG,DF,Brighton,33,1991,21,19,1723,19.1,0,0,0,0,0,0,4,0,0.7,0.7,0.5,1.2,20,127,3,0.00,0.00,0.00,0.00,0.00,0.04,0.03,0.06,0.04,0.06
149,Jáder Durán,COL,FW,Aston Villa,21,2003,20,4,638,7.1,7,0,7,7,0,0,3,1,4.9,4.9,0.2,5.1,7,13,44,0.99,0.00,0.99,0.99,0.99,0.69,0.03,0.71,0.69,0.71
150,Ederson,BRA,GK,Manchester City,31,1993,21,21,1890,21.0,0,3,3,0,0,0,3,0,0.0,0.0,0.8,0.8,0,1,0,0.00,0.14,0.14,0.00,0.14,0.00,0.04,0.04,0.00,0.04
151,George Edmundson,ENG,DF,Ipswich Town,27,1997,1,0,2,0.0,0,0,0,0,0,0,0,0,0.0,0.0,0.0,0.0,0,0,0,0.00,0.00,0.00,0.00,0.00,0.00,0.00,0.00,0.00,0.00
152,Odsonne Édouard,FRA,"MF,FW",Crystal Palace,27,1998,2,1,115,1.3,0,0,0,0,0,0,0,0,0.4,0.4,0.0,0.4,2,4,7,0.00,0.00,0.00,0.00,0.00,0.31,0.04,0.34,0.31,0.34
153,Odsonne Édouard,FRA,FW,Leicester City,27,1998,4,0,29,0.3,0,0,0,0,0,0,0,0,0.0,0.0,0.0,0.0,0,1,2,0.00,0.00,0.00,0.00,0.00,0.00,0.13,0.13,0.00,0.13
154,Samuel Edozie,ENG,"DF,FW",Southampton,22,2003,2,0,65,0.7,0,0,0,0,0,0,1,0,0.0,0.0,0.1,0.1,6,4,23,0.00,0.00,0.00,0.00,0.00,0.00,0.14,0.14,0.00,0.14
155,Ronnie Edwards,ENG,DF,Southampton,22,2003,1,0,12,0.1,0,0,0,0,0,0,0,0,0.0,0.0,0.0,0.0,0,0,0,0.00,0.00,0.00,0.00,0.00,0.00,0.00,0.00,0.00,0.00
156,Anthony Elanga,SWE,FW,Nott'ham Forest,22,2002,31,25,1975,21.9,6,8,14,6,0,0,1,0,3.9,3.9,4.3,8.3,79,46,161,0.27,0.36,0.64,0.27,0.64,0.18,0.20,0.38,0.18,0.38
157,Harvey Elliott,ENG,"MF,FW",Liverpool,22,2003,12,0,164,1.8,0,1,1,0,0,0,0,0,0.4,0.4,0.8,1.2,7,23,20,0.00,0.55,0.55,0.00,0.55,0.23,0.42,0.65,0.23,0.65
158,Yunus Emre Konak,TUR,"FW,MF",Brentford,19,2006,7,0,31,0.3,0,0,0,0,0,0,0,0,0.2,0.2,0.0,0.2,1,2,1,0.00,0.00,0.00,0.00,0.00,0.44,0.00,0.44,0.44,0.44
159,Julio Enciso,PAR,"FW,MF",Ipswich Town,21,2004,7,6,430,4.8,0,2,2,0,0,0,3,0,0.7,0.7,1.0,1.7,11,18,24,0.00,0.42,0.42,0.00,0.42,0.14,0.21,0.35,0.14,0.35
160,Julio Enciso,PAR,"MF,FW",Brighton,21,2004,12,2,294,3.3,0,0,0,0,0,0,0,0,1.0,1.0,0.2,1.2,11,14,17,0.00,0.00,0.00,0.00,0.00,0.31,0.07,0.38,0.31,0.38
161,Wataru Endo,JPN,MF,Liverpool,32,1993,15,0,148,1.6,0,0,0,0,0,0,0,0,0.0,0.0,0.0,0.0,0,9,1,0.00,0.00,0.00,0.00,0.00,0.00,0.01,0.01,0.00,0.01
162,Christian Eriksen,DEN,MF,Manchester Utd,33,1992,17,9,813,9.0,0,1,1,0,0,0,3,0,0.2,0.2,2.4,2.5,8,40,23,0.00,0.11,0.11,0.00,0.11,0.02,0.26,0.28,0.02,0.28
163,Romain Esse,ENG,MF,Crystal Palace,19,2005,2,0,8,0.1,1,0,1,1,0,0,0,0,0.3,0.3,0.0,0.3,0,1,2,11.25,0.00,11.25,11.25,11.25,3.21,0.00,3.21,3.21,3.21
164,Pervis Estupiñán,ECU,DF,Brighton,27,1998,24,20,1862,20.7,1,1,2,1,0,0,3,0,0.7,0.7,1.9,2.6,48,86,93,0.05,0.05,0.10,0.05,0.10,0.04,0.09,0.13,0.04,0.13
165,Evanilson,BRA,FW,Bournemouth,25,1999,24,21,1723,19.1,9,0,9,9,0,1,0,0,10.3,9.5,1.5,11.0,24,17,79,0.47,0.00,0.47,0.47,0.47,0.54,0.08,0.61,0.50,0.57
166,Jonny Evans,NIR,DF,Manchester Utd,37,1988,6,3,290,3.2,0,0,0,0,0,0,1,0,0.1,0.1,0.0,0.1,1,8,2,0.00,0.00,0.00,0.00,0.00,0.03,0.00,0.03,0.03,0.03
167,Eberechi Eze,ENG,"MF,FW",Crystal Palace,26,1998,26,24,2095,23.3,2,8,10,2,0,0,1,0,6.4,6.4,4.7,11.1,62,83,135,0.09,0.34,0.43,0.09,0.43,0.27,0.20,0.48,0.27,0.48
168,Łukasz Fabiański,POL,GK,West Ham,39,1985,13,12,1070,11.9,0,0,0,0,0,0,2,0,0.0,0.0,0.0,0.0,0,0,0,0.00,0.00,0.00,0.00,0.00,0.00,0.00,0.00,0.00,0.00
169,Wout Faes,BEL,DF,Leicester City,27,1998,28,24,2275,25.3,1,0,1,1,0,0,3,0,1.4,1.4,0.1,1.5,11,72,1,0.04,0.00,0.04,0.04,0.04,0.05,0.00,0.06,0.05,0.06
170,Abdul Fatawu Issahaku,GHA,FW,Leicester City,21,2004,11,6,579,6.4,0,2,2,0,0,0,0,0,0.4,0.4,1.6,2.0,42,17,60,0.00,0.31,0.31,0.00,0.31,0.06,0.24,0.31,0.06,0.31
171,João Félix,POR,"FW,MF",Chelsea,25,1999,12,3,369,4.1,1,1,2,1,0,0,2,0,2.2,2.2,1.0,3.2,21,26,30,0.24,0.24,0.49,0.24,0.49,0.54,0.23,0.78,0.54,0.78
172,Evan Ferguson,IRL,FW,West Ham,20,2004,6,1,140,1.6,0,0,0,0,0,0,0,0,0.6,0.6,0.3,0.9,1,0,6,0.00,0.00,0.00,0.00,0.00,0.36,0.19,0.55,0.36,0.55
173,Evan Ferguson,IRL,FW,Brighton,20,2004,13,2,246,2.7,1,0,1,1,0,0,0,0,0.5,0.5,0.4,1.0,2,1,9,0.37,0.00,0.37,0.37,0.37,0.20,0.15,0.35,0.20,0.35
174,Bruno Fernandes,POR,MF,Manchester Utd,30,1994,30,30,2555,28.4,8,9,17,5,3,3,4,2,8.8,6.5,6.6,13.0,60,251,112,0.28,0.32,0.60,0.18,0.49,0.31,0.23,0.54,0.23,0.46
175,Mateus Fernandes,POR,MF,Southampton,20,2004,29,27,2321,25.8,2,3,5,2,0,0,7,0,3.7,3.7,2.4,6.1,65,120,91,0.08,0.12,0.19,0.08,0.19,0.14,0.09,0.24,0.14,0.24
176,Enzo Fernández,ARG,MF,Chelsea,24,2001,29,25,2320,25.8,5,5,10,5,0,0,7,0,5.1,5.1,5.3,10.4,47,173,93,0.19,0.19,0.39,0.19,0.39,0.20,0.21,0.40,0.20,0.40
177,Mark Flekken,NED,GK,Brentford,31,1993,30,30,2645,29.4,0,1,1,0,0,0,1,0,0.0,0.0,0.2,0.2,0,0,0,0.00,0.03,0.03,0.00,0.03,0.00,0.01,0.01,0.00,0.01
178,Phil Foden,ENG,"MF,FW",Manchester City,24,2000,25,19,1686,18.7,7,2,9,7,0,0,2,0,5.1,5.1,4.7,9.8,47,95,119,0.37,0.11,0.48,0.37,0.48,0.27,0.25,0.52,0.27,0.52
179,Wesley Fofana,FRA,DF,Chelsea,24,2000,14,14,1172,13.0,0,0,0,0,0,0,7,0,0.4,0.4,0.4,0.8,19,32,4,0.00,0.00,0.00,0.00,0.00,0.03,0.03,0.07,0.03,0.06
180,Carlos Forbs,POR,"MF,FW",Wolves,21,2004,9,1,237,2.6,0,0,0,0,0,0,2,0,0.1,0.1,0.0,0.2,9,8,28,0.00,0.00,0.00,0.00,0.00,0.05,0.01,0.07,0.05,0.07
181,Fraser Forster,ENG,GK,Tottenham,37,1988,7,7,630,7.0,0,0,0,0,0,0,0,0,0.0,0.0,0.0,0.0,0,0,0,0.00,0.00,0.00,0.00,0.00,0.00,0.00,0.00,0.00,0.00
182,Matheus França,BRA,"MF,DF",Crystal Palace,21,2004,1,0,15,0.2,1,0,1,1,0,0,0,0,0.1,0.1,0.0,0.1,1,2,1,6.00,0.00,6.00,6.00,6.00,0.36,0.00,0.36,0.36,0.36
183,Ryan Fraser,SCO,"FW,DF",Southampton,31,1994,8,4,306,3.4,0,0,0,0,0,0,0,1,0.0,0.0,0.1,0.1,10,8,18,0.00,0.00,0.00,0.00,0.00,0.01,0.03,0.04,0.01,0.04
184,Niclas Füllkrug,GER,FW,West Ham,32,1993,11,3,452,5.0,3,1,4,3,0,0,2,0,1.7,1.7,1.5,3.2,4,5,15,0.60,0.20,0.80,0.60,0.80,0.34,0.30,0.64,0.34,0.64
185,Cody Gakpo,NED,FW,Liverpool,25,1999,28,17,1470,16.3,8,3,11,8,0,0,4,0,6.0,6.0,3.5,9.4,40,46,216,0.49,0.18,0.67,0.49,0.67,0.37,0.21,0.58,0.37,0.58
186,Idrissa Gana Gueye,SEN,MF,Everton,35,1989,30,28,2447,27.2,0,3,3,0,0,0,6,0,1.0,1.0,1.7,2.7,20,112,21,0.00,0.11,0.11,0.00,0.11,0.04,0.06,0.10,0.04,0.10
187,Andrés García,ESP,"DF,MF",Aston Villa,22,2003,6,5,312,3.5,0,0,0,0,0,0,0,0,0.0,0.0,0.2,0.2,25,15,27,0.00,0.00,0.00,0.00,0.00,0.01,0.05,0.06,0.01,0.06
188,Alejandro Garnacho,ARG,"MF,FW",Manchester Utd,20,2004,30,19,1822,20.2,4,1,5,4,0,0,2,0,6.0,6.0,2.8,8.8,118,46,241,0.20,0.05,0.25,0.20,0.25,0.30,0.14,0.44,0.30,0.44
189,James Garner,ENG,"MF,DF",Everton,24,2001,14,10,964,10.7,0,1,1,0,0,0,3,0,0.1,0.1,1.1,1.3,7,27,17,0.00,0.09,0.09,0.00,0.09,0.01,0.10,0.12,0.01,0.12
190,Tyrique George,ENG,FW,Chelsea,19,2006,5,0,89,1.0,0,1,1,0,0,0,1,0,0.1,0.1,0.7,0.8,9,2,16,0.00,1.01,1.01,0.00,1.01,0.13,0.73,0.86,0.13,0.86
191,Morgan Gibbs-White,ENG,MF,Nott'ham Forest,25,2000,27,27,2198,24.4,5,7,12,5,0,0,8,1,4.2,4.2,4.4,8.6,61,136,109,0.20,0.29,0.49,0.20,0.49,0.17,0.18,0.35,0.17,0.35
192,Billy Gilmour,SCO,MF,Brighton,23,2001,2,1,98,1.1,0,0,0,0,0,0,0,0,0.1,0.1,0.0,0.1,2,11,2,0.00,0.00,0.00,0.00,0.00,0.07,0.00,0.07,0.07,0.07
193,Ben Godfrey,ENG,DF,Ipswich Town,27,1998,2,2,108,1.2,0,0,0,0,0,0,1,0,0.0,0.0,0.0,0.0,2,4,1,0.00,0.00,0.00,0.00,0.00,0.00,0.00,0.00,0.00,0.00
194,Martial Godo,ENG,FW,Fulham,22,2003,1,0,16,0.2,0,0,0,0,0,0,0,0,0.0,0.0,0.0,0.0,0,0,3,0.00,0.00,0.00,0.00,0.00,0.00,0.00,0.00,0.00,0.00
195,João Gomes,BRA,MF,Wolves,24,2001,29,29,2429,27.0,3,1,4,3,0,0,10,1,2.6,2.6,1.1,3.6,49,140,61,0.11,0.04,0.15,0.11,0.15,0.09,0.04,0.13,0.09,0.13
196,Rodrigo Gomes,POR,"DF,FW",Wolves,21,2003,18,6,595,6.6,1,0,1,1,0,0,0,0,0.4,0.4,0.8,1.2,19,23,57,0.15,0.00,0.15,0.15,0.15,0.05,0.12,0.18,0.05,0.18
197,Toti Gomes,POR,DF,Wolves,26,1999,24,23,1984,22.0,0,1,1,0,0,0,4,0,0.7,0.7,0.9,1.6,20,63,12,0.00,0.05,0.05,0.00,0.05,0.03,0.04,0.07,0.03,0.07
198,Diego Gómez,PAR,MF,Brighton,22,2003,9,4,396,4.4,0,0,0,0,0,0,0,0,0.3,0.3,0.5,0.8,5,18,11,0.00,0.00,0.00,0.00,0.00,0.07,0.12,0.19,0.07,0.19
199,Joe Gomez,ENG,DF,Liverpool,27,1997,9,6,519,5.8,0,0,0,0,0,0,1,0,0.3,0.3,0.1,0.4,5,35,2,0.00,0.00,0.00,0.00,0.00,0.06,0.02,0.08,0.06,0.08
200,Nicolás González,ESP,MF,Manchester City,23,2002,6,6,480,5.3,0,0,0,0,0,0,2,0,0.2,0.2,0.1,0.3,5,33,8,0.00,0.00,0.00,0.00,0.00,0.04,0.01,0.06,0.04,0.06
201,Anthony Gordon,ENG,FW,Newcastle Utd,24,2001,26,25,2108,23.4,6,5,11,5,1,2,2,0,7.8,6.3,4.9,11.2,104,88,187,0.26,0.21,0.47,0.21,0.43,0.34,0.21,0.54,0.27,0.48
202,Ryan Gravenberch,NED,MF,Liverpool,22,2002,31,31,2651,29.5,0,3,3,0,0,0,5,0,0.9,0.9,2.8,3.7,59,149,49,0.00,0.10,0.10,0.00,0.10,0.03,0.10,0.13,0.03,0.13
203,Archie Gray,ENG,"DF,MF",Tottenham,19,2006,22,13,1256,14.0,0,0,0,0,0,0,0,0,0.0,0.0,0.1,0.1,4,27,7,0.00,0.00,0.00,0.00,0.00,0.00,0.01,0.01,0.00,0.01
204,Jack Grealish,ENG,"FW,MF",Manchester City,29,1995,18,7,716,8.0,1,1,2,1,0,0,3,0,1.1,1.1,1.8,3.0,69,52,118,0.13,0.13,0.25,0.13,0.25,0.14,0.23,0.37,0.14,0.37
205,Jacob Greaves,ENG,DF,Ipswich Town,24,2000,19,19,1665,18.5,1,0,1,1,0,0,4,0,1.2,1.2,0.0,1.3,6,48,4,0.05,0.00,0.05,0.05,0.05,0.07,0.00,0.07,0.07,0.07
206,Brajan Gruda,GER,"FW,MF",Brighton,20,2004,15,6,489,5.4,0,1,1,0,0,0,0,0,0.3,0.3,0.7,1.0,15,17,45,0.00,0.18,0.18,0.00,0.18,0.05,0.13,0.18,0.05,0.18
207,Albert Grønbaek,DEN,"FW,MF",Southampton,23,2001,4,2,143,1.6,0,0,0,0,0,0,0,0,0.1,0.1,0.0,0.1,1,1,3,0.00,0.00,0.00,0.00,0.00,0.07,0.01,0.08,0.07,0.08
208,Gonçalo Guedes,POR,"MF,FW",Wolves,28,1996,24,7,770,8.6,2,4,6,2,0,0,1,0,2.2,2.2,1.1,3.3,31,30,58,0.23,0.47,0.70,0.23,0.70,0.25,0.13,0.38,0.25,0.38
209,Marc Guéhi,ENG,DF,Crystal Palace,24,2000,29,29,2609,29.0,3,2,5,3,0,0,9,1,1.7,1.7,1.1,2.8,17,119,8,0.10,0.07,0.17,0.10,0.17,0.06,0.04,0.10,0.06,0.10
210,Luis Guilherme,BRA,"MF,FW",West Ham,19,2006,9,1,109,1.2,0,0,0,0,0,0,0,0,0.1,0.1,0.1,0.2,3,3,11,0.00,0.00,0.00,0.00,0.00,0.11,0.07,0.18,0.11,0.18
211,Bruno Guimarães,BRA,MF,Newcastle Utd,27,1997,30,30,2577,28.6,3,6,9,3,0,0,4,0,2.8,2.8,5.3,8.1,44,212,69,0.10,0.21,0.31,0.10,0.31,0.10,0.18,0.28,0.10,0.28
212,Marc Guiu,ESP,FW,Chelsea,19,2006,3,0,73,0.8,0,0,0,0,0,0,0,0,0.0,0.0,0.0,0.0,0,0,3,0.00,0.00,0.00,0.00,0.00,0.00,0.04,0.04,0.00,0.04
213,İlkay Gündoğan,GER,MF,Manchester City,34,1990,27,19,1697,18.9,0,3,3,0,0,0,1,0,1.8,1.8,2.5,4.3,44,105,70,0.00,0.16,0.16,0.00,0.16,0.10,0.13,0.23,0.10,0.23
214,Malo Gusto,FRA,DF,Chelsea,21,2003,26,19,1731,19.2,0,1,1,0,0,0,4,0,1.7,1.7,1.1,2.7,44,103,79,0.00,0.05,0.05,0.00,0.05,0.09,0.06,0.14,0.09,0.14
215,Joško Gvardiol,CRO,DF,Manchester City,23,2002,30,29,2647,29.4,5,0,5,5,0,0,1,0,4.2,3.9,2.0,5.9,74,218,96,0.17,0.00,0.17,0.17,0.17,0.14,0.07,0.21,0.13,0.20
216,Erling Haaland,NOR,FW,Manchester City,24,2000,28,28,2480,27.6,21,3,24,19,2,3,2,0,20.8,18.4,2.8,21.2,19,18,103,0.76,0.11,0.87,0.69,0.80,0.76,0.10,0.86,0.67,0.77
217,Lewis Hall,ENG,DF,Newcastle Utd,20,2004,27,24,2189,24.3,0,4,4,0,0,0,3,0,0.4,0.4,4.3,4.7,41,123,80,0.00,0.16,0.16,0.00,0.16,0.02,0.18,0.19,0.02,0.19
218,Ali Al Hamadi,IRQ,FW,Ipswich Town,23,2002,11,0,134,1.5,0,0,0,0,0,0,3,0,0.4,0.4,0.1,0.4,4,3,14,0.00,0.00,0.00,0.00,0.00,0.24,0.05,0.28,0.24,0.28
219,Marcus Harness,ENG,MF,Ipswich Town,29,1996,2,0,45,0.5,0,0,0,0,0,0,0,0,0.0,0.0,0.0,0.0,0,2,1,0.00,0.00,0.00,0.00,0.00,0.00,0.00,0.00,0.00,0.00
220,Jack Harrison,ENG,FW,Everton,28,1996,27,19,1658,18.4,1,0,1,1,0,0,0,0,3.1,3.1,3.5,6.6,49,36,94,0.05,0.00,0.05,0.05,0.05,0.17,0.19,0.36,0.17,0.36
221,Taylor Harwood-Bellis,ENG,DF,Southampton,23,2002,28,26,2300,25.6,1,0,1,1,0,0,7,0,1.7,1.7,0.8,2.6,27,107,8,0.04,0.00,0.04,0.04,0.04,0.07,0.03,0.10,0.07,0.10
222,Kai Havertz,GER,"FW,MF",Arsenal,25,1999,21,21,1839,20.4,9,3,12,9,0,0,4,0,9.4,9.4,2.4,11.8,34,59,110,0.44,0.15,0.59,0.44,0.59,0.46,0.12,0.58,0.46,0.58
223,Ayden Heaven,ENG,DF,Manchester Utd,18,2006,2,1,95,1.1,0,0,0,0,0,0,0,0,0.0,0.0,0.0,0.0,1,2,1,0.00,0.00,0.00,0.00,0.00,0.00,0.00,0.00,0.00,0.00
224,Jan Paul van Hecke,NED,DF,Brighton,24,2000,29,28,2509,27.9,1,1,2,1,0,0,7,1,1.3,1.3,1.5,2.7,50,199,5,0.04,0.04,0.07,0.04,0.07,0.05,0.05,0.10,0.05,0.10
225,Hwang Hee-chan,KOR,"MF,FW",Wolves,29,1996,18,5,637,7.1,2,0,2,2,0,0,0,0,0.8,0.8,0.1,0.9,14,11,40,0.28,0.00,0.28,0.28,0.28,0.11,0.02,0.13,0.11,0.13
226,Dean Henderson,ENG,GK,Crystal Palace,28,1997,30,30,2700,30.0,0,0,0,0,0,0,3,0,0.0,0.0,0.1,0.1,0,0,0,0.00,0.00,0.00,0.00,0.00,0.00,0.00,0.00,0.00,0.00
227,Rico Henry,ENG,DF,Brentford,27,1997,1,0,4,0.0,0,0,0,0,0,0,0,0,0.0,0.0,0.0,0.0,0,0,1,0.00,0.00,0.00,0.00,0.00,0.00,0.00,0.00,0.00,0.00
228,Mads Hermansen,DEN,GK,Leicester City,24,2000,24,24,2115,23.5,0,0,0,0,0,0,0,0,0.0,0.0,0.0,0.0,0,1,0,0.00,0.00,0.00,0.00,0.00,0.00,0.00,0.00,0.00,0.00
229,Son Heung-min,KOR,FW,Tottenham,32,1992,28,23,2004,22.3,7,9,16,6,1,2,1,0,7.0,5.4,8.2,13.7,87,104,259,0.31,0.40,0.72,0.27,0.67,0.31,0.37,0.68,0.24,0.61
230,James Hill,ENG,DF,Bournemouth,23,2002,10,6,448,5.0,0,1,1,0,0,0,1,0,0.3,0.3,0.3,0.6,3,16,8,0.00,0.20,0.20,0.00,0.20,0.06,0.05,0.11,0.06,0.11
231,Jack Hinshelwood,ENG,"DF,MF",Brighton,20,2005,19,17,1415,15.7,2,0,2,2,0,0,4,0,1.4,1.4,0.9,2.2,15,52,38,0.13,0.00,0.13,0.13,0.13,0.09,0.05,0.14,0.09,0.14
232,George Hirst,SCO,FW,Ipswich Town,26,1999,19,1,300,3.3,2,1,3,2,0,0,1,0,1.1,1.1,0.3,1.3,6,10,21,0.60,0.30,0.90,0.60,0.90,0.32,0.08,0.40,0.32,0.40
233,Mason Holgate,ENG,"FW,DF",Everton,28,1996,1,0,6,0.1,0,0,0,0,0,0,0,0,0.0,0.0,0.0,0.0,0,0,0,0.00,0.00,0.00,0.00,0.00,0.00,0.00,0.00,0.00,0.00
234,Callum Hudson-Odoi,ENG,FW,Nott'ham Forest,24,2000,26,23,1984,22.0,5,2,7,5,0,0,2,0,2.4,2.4,2.7,5.0,116,63,180,0.23,0.09,0.32,0.23,0.32,0.11,0.12,0.23,0.11,0.23
235,Will Hughes,ENG,MF,Crystal Palace,29,1995,25,19,1650,18.3,0,3,3,0,0,0,10,0,0.9,0.9,2.5,3.4,18,79,24,0.00,0.16,0.16,0.00,0.16,0.05,0.14,0.18,0.05,0.18
236,Dean Huijsen,ESP,DF,Bournemouth,19,2005,25,20,1874,20.8,2,1,3,2,0,0,7,0,1.7,1.7,1.9,3.6,31,92,9,0.10,0.05,0.14,0.10,0.14,0.08,0.09,0.17,0.08,0.17
237,Omari Hutchinson,ENG,"MF,FW",Ipswich Town,21,2003,27,26,2223,24.7,3,2,5,3,0,0,5,0,2.3,2.3,2.5,4.8,71,69,131,0.12,0.08,0.20,0.12,0.20,0.09,0.10,0.19,0.09,0.19
238,Rasmus Højlund,DEN,FW,Manchester Utd,22,2003,26,18,1549,17.2,3,0,3,3,0,0,2,0,3.0,3.0,1.2,4.2,23,15,79,0.17,0.00,0.17,0.17,0.17,0.17,0.07,0.24,0.17,0.24
239,Igor,BRA,DF,Brighton,27,1998,12,9,903,10.0,0,0,0,0,0,0,4,0,0.0,0.0,0.2,0.2,9,44,0,0.00,0.00,0.00,0.00,0.00,0.00,0.02,0.02,0.00,0.02
240,Danny Ings,ENG,"FW,MF",West Ham,32,1992,15,1,284,3.2,1,2,3,1,0,0,0,0,2.3,2.3,1.3,3.5,6,5,29,0.32,0.63,0.95,0.32,0.95,0.72,0.41,1.12,0.72,1.12
241,Tim Iroegbunam,ENG,MF,Everton,21,2003,15,5,554,6.2,0,1,1,0,0,0,3,0,0.2,0.2,0.2,0.4,8,14,9,0.00,0.16,0.16,0.00,0.16,0.04,0.03,0.07,0.04,0.07
242,Andy Irving,SCO,MF,West Ham,24,2000,10,1,166,1.8,0,0,0,0,0,0,2,0,0.1,0.1,0.2,0.4,0,9,4,0.00,0.00,0.00,0.00,0.00,0.06,0.13,0.19,0.06,0.19
243,Alexander Isak,SWE,FW,Newcastle Utd,25,1999,27,27,2188,24.3,20,5,25,18,2,2,1,0,16.3,14.7,3.8,18.5,72,68,174,0.82,0.21,1.03,0.74,0.95,0.67,0.16,0.83,0.60,0.76
244,Alex Iwobi,NGA,"FW,MF",Fulham,28,1996,31,29,2463,27.4,8,5,13,8,0,0,1,0,4.1,4.1,6.2,10.2,119,171,202,0.29,0.18,0.48,0.29,0.48,0.15,0.23,0.37,0.15,0.37
245,Nicolas Jackson,SEN,FW,Chelsea,23,2001,25,23,1862,20.7,9,5,14,9,0,0,6,0,11.7,11.7,4.1,15.8,43,30,101,0.44,0.24,0.68,0.44,0.68,0.56,0.20,0.76,0.56,0.76
246,Reece James,ENG,"DF,MF",Chelsea,25,1999,13,9,766,8.5,1,0,1,1,0,0,1,0,0.2,0.2,0.5,0.7,5,46,8,0.12,0.00,0.12,0.12,0.12,0.03,0.06,0.08,0.03,0.08
247,Vitaly Janelt,GER,MF,Brentford,26,1998,30,26,2182,24.2,1,3,4,1,0,0,3,0,0.8,0.8,2.2,3.0,17,79,36,0.04,0.12,0.16,0.04,0.16,0.03,0.09,0.12,0.03,0.12
248,Vitezslav Jaros,CZE,GK,Liverpool,23,2001,1,0,12,0.1,0,0,0,0,0,0,0,0,0.0,0.0,0.0,0.0,0,0,0,0.00,0.00,0.00,0.00,0.00,0.00,0.00,0.00,0.00,0.00
249,Daniel Jebbison,ENG,FW,Bournemouth,21,2003,11,0,75,0.8,0,0,0,0,0,0,1,0,0.2,0.2,0.2,0.4,2,3,11,0.00,0.00,0.00,0.00,0.00,0.25,0.24,0.48,0.25,0.48
250,Mathias Jensen,DEN,MF,Brentford,29,1996,17,8,744,8.3,0,1,1,0,0,0,1,0,0.2,0.2,1.5,1.7,6,53,25,0.00,0.12,0.12,0.00,0.12,0.03,0.18,0.21,0.03,0.21
251,Gabriel Jesus,BRA,FW,Arsenal,28,1997,17,6,608,6.8,3,0,3,3,0,0,4,0,3.0,3.0,0.7,3.7,15,19,57,0.44,0.00,0.44,0.44,0.44,0.44,0.10,0.54,0.44,0.54
252,Raúl Jiménez,MEX,FW,Fulham,33,1991,31,24,1927,21.4,10,3,13,7,3,3,3,0,10.4,8.1,2.8,10.9,30,45,107,0.47,0.14,0.61,0.33,0.47,0.49,0.13,0.62,0.38,0.51
253,Kim Jisoo,KOR,DF,Brentford,20,2004,3,0,30,0.3,0,0,0,0,0,0,0,0,0.0,0.0,0.0,0.0,0,2,0,0.00,0.00,0.00,0.00,0.00,0.00,0.00,0.00,0.00,0.00
254,João Pedro,BRA,"FW,MF",Brighton,23,2001,25,21,1798,20.0,8,6,14,5,3,3,4,0,7.2,4.8,4.3,9.1,61,71,118,0.40,0.30,0.70,0.25,0.55,0.36,0.22,0.57,0.24,0.46
255,Joelinton,BRA,"MF,FW",Newcastle Utd,28,1996,26,26,2158,24.0,4,1,5,4,0,0,9,0,3.9,3.9,1.6,5.5,37,109,100,0.17,0.04,0.21,0.17,0.21,0.16,0.07,0.23,0.16,0.23
256,Ben Johnson,ENG,"DF,FW",Ipswich Town,25,2000,19,11,1132,12.6,0,1,1,0,0,0,3,0,0.9,0.9,0.6,1.5,15,22,27,0.00,0.08,0.08,0.00,0.08,0.07,0.05,0.12,0.07,0.12
257,Brennan Johnson,WAL,FW,Tottenham,23,2001,28,21,1879,20.9,11,2,13,11,0,0,5,0,9.8,9.8,2.1,11.9,54,62,179,0.53,0.10,0.62,0.53,0.62,0.47,0.10,0.57,0.47,0.57
258,Sam Johnstone,ENG,GK,Wolves,32,1993,7,7,630,7.0,0,0,0,0,0,0,0,0,0.0,0.0,0.0,0.0,0,0,0,0.00,0.00,0.00,0.00,0.00,0.00,0.00,0.00,0.00,0.00
259,Curtis Jones,ENG,"MF,DF",Liverpool,24,2001,26,15,1347,15.0,3,3,6,3,0,0,3,1,4.1,4.1,1.0,5.1,20,74,65,0.20,0.20,0.40,0.20,0.40,0.27,0.07,0.34,0.27,0.34
260,Jorginho,ITA,MF,Arsenal,33,1991,13,8,613,6.8,0,0,0,0,0,0,5,0,0.0,0.0,0.4,0.5,10,42,4,0.00,0.00,0.00,0.00,0.00,0.01,0.06,0.07,0.01,0.07
261,Diogo Jota,POR,FW,Liverpool,28,1996,20,12,984,10.9,6,3,9,6,0,0,2,0,6.8,6.8,1.8,8.6,34,28,81,0.55,0.27,0.82,0.55,0.82,0.62,0.16,0.79,0.62,0.79
262,James Justin,ENG,DF,Leicester City,27,1998,29,29,2436,27.1,2,1,3,2,0,0,5,0,1.5,1.5,0.5,2.0,35,75,90,0.07,0.04,0.11,0.07,0.11,0.05,0.02,0.07,0.05,0.07
263,Filip Jørgensen,DEN,GK,Chelsea,22,2002,6,6,540,6.0,0,0,0,0,0,0,0,0,0.0,0.0,0.0,0.0,0,0,0,0.00,0.00,0.00,0.00,0.00,0.00,0.00,0.00,0.00,0.00
264,Ferdi Kadioglu,TUR,"DF,MF",Brighton,25,1999,6,5,385,4.3,1,0,1,1,0,0,1,0,0.4,0.4,0.2,0.6,1,15,27,0.23,0.00,0.23,0.23,0.23,0.10,0.04,0.14,0.10,0.14
265,Daichi Kamada,JPN,MF,Crystal Palace,28,1996,26,11,1108,12.3,0,0,0,0,0,0,2,1,0.8,0.8,1.1,1.9,18,65,43,0.00,0.00,0.00,0.00,0.00,0.07,0.09,0.16,0.07,0.16
266,Boubacar Kamara,FRA,MF,Aston Villa,25,1999,19,14,1200,13.3,0,0,0,0,0,0,2,0,0.4,0.4,0.5,0.8,16,65,5,0.00,0.00,0.00,0.00,0.00,0.03,0.04,0.06,0.03,0.06
267,Michael Kayode,ITA,DF,Brentford,20,2004,5,0,41,0.5,0,0,0,0,0,0,0,0,0.0,0.0,0.2,0.2,2,1,6,0.00,0.00,0.00,0.00,0.00,0.00,0.33,0.33,0.00,0.33
268,Michael Keane,ENG,DF,Everton,32,1993,10,9,813,9.0,2,0,2,2,0,0,4,0,0.4,0.4,0.1,0.5,1,12,3,0.22,0.00,0.22,0.22,0.22,0.05,0.01,0.06,0.05,0.06
269,Caoimhín Kelleher,IRL,GK,Liverpool,26,1998,10,10,900,10.0,0,0,0,0,0,0,0,0,0.0,0.0,0.0,0.0,0,0,0,0.00,0.00,0.00,0.00,0.00,0.00,0.00,0.00,0.00,0.00
270,Lloyd Kelly,ENG,DF,Newcastle Utd,26,1998,10,4,303,3.4,0,1,1,0,0,0,2,0,0.4,0.4,0.5,0.9,0,9,5,0.00,0.30,0.30,0.00,0.30,0.12,0.14,0.26,0.12,0.26
271,Milos Kerkez,HUN,DF,Bournemouth,21,2003,31,31,2717,30.2,2,5,7,2,0,0,4,0,0.5,0.5,3.2,3.7,85,130,151,0.07,0.17,0.23,0.07,0.23,0.02,0.11,0.12,0.02,0.12
272,Bilal El Khannouss,MAR,MF,Leicester City,20,2004,26,21,1658,18.4,2,1,3,2,0,0,3,0,0.7,0.7,2.4,3.1,54,104,70,0.11,0.05,0.16,0.11,0.16,0.04,0.13,0.17,0.04,0.17
273,Abdukodir Khusanov,UZB,DF,Manchester City,21,2004,6,6,503,5.6,0,0,0,0,0,0,1,0,0.0,0.0,0.1,0.1,1,25,2,0.00,0.00,0.00,0.00,0.00,0.00,0.02,0.02,0.00,0.02
274,Max Kilman,ENG,DF,West Ham,27,1997,31,31,2718,30.2,0,1,1,0,0,0,3,0,1.4,1.4,1.0,2.4,26,99,5,0.00,0.03,0.03,0.00,0.03,0.05,0.03,0.08,0.05,0.08
275,Joshua King,ENG,"MF,FW",Fulham,18,2007,5,1,80,0.9,0,0,0,0,0,0,0,0,0.2,0.2,0.4,0.6,1,4,9,0.00,0.00,0.00,0.00,0.00,0.22,0.48,0.70,0.22,0.70
276,Antonín Kinský,CZE,GK,Tottenham,22,2003,4,4,360,4.0,0,0,0,0,0,0,0,0,0.0,0.0,0.1,0.1,1,1,0,0.00,0.00,0.00,0.00,0.00,0.00,0.02,0.02,0.00,0.02
277,Jakub Kiwior,POL,DF,Arsenal,25,2000,10,3,492,5.5,0,0,0,0,0,0,0,0,0.1,0.1,0.2,0.3,4,17,0,0.00,0.00,0.00,0.00,0.00,0.01,0.04,0.05,0.01,0.05
278,Justin Kluivert,NED,"MF,FW",Bournemouth,25,1999,28,24,1936,21.5,12,6,18,6,6,6,6,0,9.9,5.1,4.7,9.9,64,88,132,0.56,0.28,0.84,0.28,0.56,0.46,0.22,0.68,0.24,0.46
279,Ibrahima Konaté,FRA,DF,Liverpool,25,1999,25,24,2050,22.8,1,2,3,1,0,0,5,0,1.6,1.6,0.9,2.5,21,95,2,0.04,0.09,0.13,0.04,0.13,0.07,0.04,0.11,0.07,0.11
280,Ezri Konsa,ENG,DF,Aston Villa,27,1997,27,26,2306,25.6,1,0,1,1,0,0,0,0,0.7,0.7,0.2,0.9,16,60,11,0.04,0.00,0.04,0.04,0.04,0.03,0.01,0.03,0.03,0.03
281,Mateo Kovačić,CRO,MF,Manchester City,30,1994,25,20,1771,19.7,4,1,5,4,0,0,5,0,1.4,1.4,3.4,4.9,48,130,14,0.20,0.05,0.25,0.20,0.25,0.07,0.17,0.25,0.07,0.25
282,Caleb Kporha,ENG,DF,Crystal Palace,18,2006,2,0,13,0.1,0,0,0,0,0,0,0,0,0.0,0.0,0.0,0.0,1,0,0,0.00,0.00,0.00,0.00,0.00,0.00,0.00,0.00,0.00,0.00
283,Emil Krafth,SWE,DF,Newcastle Utd,30,1994,6,2,248,2.8,0,0,0,0,0,0,0,0,0.0,0.0,0.1,0.1,1,2,1,0.00,0.00,0.00,0.00,0.00,0.01,0.03,0.04,0.01,0.04
284,Mohammed Kudus,GHA,"FW,MF",West Ham,24,2000,25,25,2077,23.1,3,2,5,3,0,0,1,1,5.9,5.9,2.2,8.1,81,64,175,0.13,0.09,0.22,0.13,0.22,0.25,0.10,0.35,0.25,0.35
285,Dejan Kulusevski,SWE,"MF,FW",Tottenham,24,2000,27,24,2154,23.9,7,4,11,7,0,0,3,0,4.1,4.1,6.1,10.2,115,118,199,0.29,0.17,0.46,0.29,0.46,0.17,0.25,0.43,0.17,0.43
286,Maxence Lacroix,FRA,DF,Crystal Palace,25,2000,27,27,2424,26.9,1,1,2,1,0,0,4,0,2.8,2.8,0.4,3.2,8,54,6,0.04,0.04,0.07,0.04,0.07,0.11,0.01,0.12,0.11,0.12
287,Adam Lallana,ENG,MF,Southampton,36,1988,14,5,361,4.0,0,2,2,0,0,0,4,0,0.2,0.2,0.9,1.1,6,24,10,0.00,0.50,0.50,0.00,0.50,0.04,0.23,0.27,0.04,0.27
288,Tariq Lamptey,GHA,DF,Brighton,24,2000,13,9,765,8.5,2,2,4,2,0,0,0,0,0.4,0.4,0.8,1.2,25,12,40,0.24,0.24,0.47,0.24,0.47,0.05,0.09,0.14,0.05,0.14
289,Will Lankshear,ENG,"FW,MF",Tottenham,19,2005,3,0,11,0.1,0,0,0,0,0,0,0,0,0.0,0.0,0.0,0.0,0,0,1,0.00,0.00,0.00,0.00,0.00,0.00,0.00,0.00,0.00,0.00
290,Roméo Lavia,BEL,MF,Chelsea,21,2004,11,8,541,6.0,0,1,1,0,0,0,4,0,0.2,0.2,0.7,0.9,3,18,6,0.00,0.17,0.17,0.00,0.17,0.03,0.11,0.14,0.03,0.14
291,Mario Lemina,GAB,"MF,DF",Wolves,31,1993,17,15,1364,15.2,1,3,4,1,0,0,4,0,1.4,1.4,1.1,2.5,8,48,21,0.07,0.20,0.26,0.07,0.26,0.09,0.07,0.17,0.09,0.17
292,Bernd Leno,GER,GK,Fulham,33,1992,31,31,2790,31.0,0,1,1,0,0,0,4,0,0.0,0.0,0.1,0.1,0,0,0,0.00,0.03,0.03,0.00,0.03,0.00,0.00,0.00,0.00,0.00
293,Jefferson Lerma,COL,"MF,DF",Crystal Palace,30,1994,25,20,1721,19.1,0,1,1,0,0,0,5,0,0.9,0.9,1.5,2.4,10,80,24,0.00,0.05,0.05,0.00,0.05,0.05,0.08,0.13,0.05,0.13
294,Rico Lewis,ENG,"DF,MF",Manchester City,20,2004,25,19,1720,19.1,1,2,3,1,0,0,5,1,1.4,1.4,0.3,1.7,36,99,65,0.05,0.10,0.16,0.05,0.16,0.07,0.02,0.09,0.07,0.09
295,Keane Lewis-Potter,ENG,"DF,FW",Brentford,24,2001,31,29,2549,28.3,1,2,3,1,0,0,5,0,2.6,2.6,2.5,5.1,88,85,132,0.04,0.07,0.11,0.04,0.11,0.09,0.09,0.18,0.09,0.18
296,Myles Lewis-Skelly,ENG,DF,Arsenal,18,2006,16,11,930,10.3,1,0,1,1,0,0,2,2,0.0,0.0,0.2,0.3,24,50,24,0.10,0.00,0.10,0.10,0.10,0.00,0.02,0.03,0.00,0.03
297,Matthijs de Ligt,NED,DF,Manchester Utd,25,1999,28,24,2089,23.2,2,0,2,2,0,0,3,0,2.5,2.5,0.3,2.8,7,55,6,0.09,0.00,0.09,0.09,0.09,0.11,0.01,0.12,0.11,0.12
298,Pedro Lima,BRA,DF,Wolves,18,2006,3,1,70,0.8,0,0,0,0,0,0,0,0,0.1,0.1,0.1,0.1,4,4,11,0.00,0.00,0.00,0.00,0.00,0.07,0.09,0.16,0.07,0.16
299,Victor Lindelöf,SWE,DF,Manchester Utd,30,1994,9,2,277,3.1,0,0,0,0,0,0,1,0,0.0,0.0,0.1,0.1,1,5,1,0.00,0.00,0.00,0.00,0.00,0.00,0.03,0.03,0.00,0.03
300,Jesper Lindstrøm,DEN,FW,Everton,25,2000,25,15,1239,13.8,0,1,1,0,0,0,2,0,2.1,2.1,2.0,4.1,30,25,81,0.00,0.07,0.07,0.00,0.07,0.15,0.15,0.30,0.15,0.30
301,Valentino Livramento,ENG,DF,Newcastle Utd,22,2002,29,24,2120,23.6,0,1,1,0,0,0,1,0,0.2,0.2,2.2,2.4,57,114,77,0.00,0.04,0.04,0.00,0.04,0.01,0.09,0.10,0.01,0.10
302,Sean Longstaff,ENG,MF,Newcastle Utd,27,1997,22,8,772,8.6,0,0,0,0,0,0,2,0,0.6,0.6,0.2,0.8,4,38,20,0.00,0.00,0.00,0.00,0.00,0.07,0.02,0.09,0.07,0.09
303,Saša Lukić,SRB,MF,Fulham,28,1996,24,23,1879,20.9,0,2,2,0,0,0,12,0,0.8,0.8,2.6,3.4,32,75,26,0.00,0.10,0.10,0.00,0.10,0.04,0.12,0.16,0.04,0.16
304,Joe Lumley,ENG,GK,Southampton,30,1995,3,3,270,3.0,0,0,0,0,0,0,0,0,0.0,0.0,0.0,0.0,0,0,0,0.00,0.00,0.00,0.00,0.00,0.00,0.00,0.00,0.00,0.00
305,Massimo Luongo,AUS,MF,Ipswich Town,32,1992,7,2,181,2.0,0,0,0,0,0,0,0,0,0.0,0.0,0.0,0.0,0,5,1,0.00,0.00,0.00,0.00,0.00,0.00,0.00,0.00,0.00,0.00
306,Ian Maatsen,NED,DF,Aston Villa,23,2002,23,5,707,7.9,0,2,2,0,0,0,2,0,0.4,0.4,2.3,2.7,21,35,70,0.00,0.25,0.25,0.00,0.25,0.05,0.29,0.34,0.05,0.34
307,Alexis Mac Allister,ARG,MF,Liverpool,26,1998,30,27,2291,25.5,4,3,7,4,0,0,6,0,2.4,2.4,4.1,6.5,31,156,65,0.16,0.12,0.27,0.16,0.27,0.09,0.16,0.26,0.09,0.26
308,James Maddison,ENG,MF,Tottenham,28,1996,29,19,1690,18.8,9,6,15,9,0,0,6,0,5.8,5.8,3.9,9.7,40,153,84,0.48,0.32,0.80,0.48,0.80,0.31,0.21,0.52,0.31,0.52
309,Noni Madueke,ENG,FW,Chelsea,23,2002,25,20,1534,17.0,7,3,10,7,0,0,3,0,7.7,7.7,3.6,11.3,114,58,185,0.41,0.18,0.59,0.41,0.59,0.45,0.21,0.66,0.45,0.66
310,Gabriel Magalhães,BRA,DF,Arsenal,27,1997,28,28,2363,26.3,3,1,4,3,0,0,4,0,2.6,2.6,0.9,3.5,10,126,11,0.11,0.04,0.15,0.11,0.15,0.10,0.03,0.13,0.10,0.13
311,Edmond-Paris Maghoma,ENG,"MF,FW",Brentford,23,2001,8,0,119,1.3,0,0,0,0,0,0,0,0,0.1,0.1,0.1,0.2,4,13,4,0.00,0.00,0.00,0.00,0.00,0.09,0.08,0.17,0.09,0.17
312,Harry Maguire,ENG,DF,Manchester Utd,32,1993,22,16,1418,15.8,1,0,1,1,0,0,7,0,1.4,1.4,0.3,1.6,6,42,5,0.06,0.00,0.06,0.06,0.06,0.09,0.02,0.10,0.09,0.10
313,Kobbie Mainoo,ENG,MF,Manchester Utd,19,2005,18,15,1285,14.3,0,0,0,0,0,0,5,0,0.5,0.5,1.5,2.0,19,52,35,0.00,0.00,0.00,0.00,0.00,0.04,0.11,0.14,0.04,0.14
314,Tyrell Malacia,NED,DF,Manchester Utd,25,1999,3,2,100,1.1,0,0,0,0,0,0,1,0,0.0,0.0,0.0,0.0,3,3,6,0.00,0.00,0.00,0.00,0.00,0.00,0.03,0.03,0.00,0.03
315,Donyell Malen,NED,FW,Aston Villa,26,1999,8,2,234,2.6,2,0,2,2,0,0,0,0,1.4,1.4,0.0,1.4,6,5,18,0.77,0.00,0.77,0.77,0.77,0.52,0.01,0.53,0.52,0.53
316,Orel Mangala,BEL,MF,Everton,27,1998,19,14,1261,14.0,1,0,1,1,0,0,2,0,1.1,1.1,0.6,1.8,6,34,19,0.07,0.00,0.07,0.07,0.07,0.08,0.05,0.13,0.08,0.13
317,Ryan Manning,IRL,DF,Southampton,28,1996,19,14,1114,12.4,0,0,0,0,0,0,2,0,0.3,0.3,2.6,2.9,12,24,61,0.00,0.00,0.00,0.00,0.00,0.02,0.21,0.23,0.02,0.23
318,Solly March,ENG,"MF,FW",Brighton,30,1994,5,0,59,0.7,0,0,0,0,0,0,2,0,0.1,0.1,0.1,0.1,0,1,7,0.00,0.00,0.00,0.00,0.00,0.10,0.10,0.20,0.10,0.20
319,Omar Marmoush,EGY,"FW,MF",Manchester City,26,1999,9,8,655,7.3,5,0,5,5,0,0,0,0,2.8,2.8,1.0,3.7,13,18,44,0.69,0.00,0.69,0.69,0.69,0.38,0.13,0.51,0.38,0.51
320,Gabriel Martinelli,BRA,"FW,MF",Arsenal,23,2001,26,18,1704,18.9,6,4,10,6,0,0,1,0,4.9,4.9,4.3,9.2,102,40,223,0.32,0.21,0.53,0.32,0.53,0.26,0.23,0.48,0.26,0.48
321,Emiliano Martínez,ARG,GK,Aston Villa,32,1992,30,30,2610,29.0,0,0,0,0,0,0,4,0,0.0,0.0,0.5,0.5,0,2,0,0.00,0.00,0.00,0.00,0.00,0.00,0.02,0.02,0.00,0.02
322,Lisandro Martínez,ARG,DF,Manchester Utd,27,1998,20,20,1751,19.5,2,1,3,2,0,0,7,0,1.3,1.3,1.1,2.4,23,117,7,0.10,0.05,0.15,0.10,0.15,0.07,0.06,0.13,0.07,0.13
323,Pape Matar Sarr,SEN,MF,Tottenham,22,2002,29,16,1457,16.2,3,2,5,3,0,0,6,0,3.1,3.1,1.5,4.7,28,74,41,0.19,0.12,0.31,0.19,0.31,0.19,0.10,0.29,0.19,0.29
324,Jean-Philippe Mateta,FRA,FW,Crystal Palace,27,1997,29,27,2257,25.1,13,2,15,11,2,2,2,0,11.6,10.0,3.0,13.0,34,44,111,0.52,0.08,0.60,0.44,0.52,0.46,0.12,0.58,0.40,0.52
325,Stephy Mavididi,ENG,FW,Leicester City,26,1998,28,14,1442,16.0,3,1,4,3,0,0,2,0,1.6,1.6,2.5,4.0,78,56,124,0.19,0.06,0.25,0.19,0.25,0.10,0.15,0.25,0.10,0.25
326,Konstantinos Mavropanos,GRE,DF,West Ham,27,1997,27,18,1759,19.5,0,0,0,0,0,0,5,1,1.2,1.2,0.5,1.7,15,57,2,0.00,0.00,0.00,0.00,0.00,0.06,0.02,0.08,0.06,0.08
327,Noussair Mazraoui,MAR,DF,Manchester Utd,27,1997,31,28,2398,26.6,0,1,1,0,0,0,2,0,0.6,0.6,1.3,1.9,34,98,44,0.00,0.04,0.04,0.00,0.04,0.02,0.05,0.07,0.02,0.07
328,Bryan Mbeumo,CMR,FW,Brentford,25,1999,31,31,2784,30.9,16,5,21,11,5,5,2,0,10.0,6.0,7.0,13.0,103,116,287,0.52,0.16,0.68,0.36,0.52,0.32,0.23,0.55,0.20,0.42
329,James Mcatee,ENG,"MF,FW",Manchester City,22,2002,11,0,143,1.6,2,0,2,2,0,0,0,0,1.4,1.4,0.0,1.4,5,4,12,1.26,0.00,1.26,1.26,1.26,0.87,0.00,0.87,0.87,0.87
330,Kasey McAteer,IRL,"FW,MF",Leicester City,23,2001,12,4,395,4.4,0,1,1,0,0,0,1,0,0.6,0.6,0.4,0.9,13,8,36,0.00,0.23,0.23,0.00,0.23,0.13,0.08,0.21,0.13,0.21
331,Alex McCarthy,ENG,GK,Southampton,35,1989,5,5,450,5.0,0,0,0,0,0,0,0,0,0.0,0.0,0.0,0.0,0,0,0,0.00,0.00,0.00,0.00,0.00,0.00,0.00,0.00,0.00,0.00
332,John McGinn,SCO,"MF,FW",Aston Villa,30,1994,27,23,1885,20.9,0,3,3,0,0,0,6,0,2.2,2.2,3.3,5.5,27,87,66,0.00,0.14,0.14,0.00,0.14,0.10,0.16,0.26,0.10,0.26
333,Dwight McNeil,ENG,"MF,FW",Everton,25,1999,14,13,1144,12.7,3,3,6,3,0,0,1,0,0.9,0.9,3.5,4.4,31,60,65,0.24,0.24,0.47,0.24,0.47,0.07,0.27,0.34,0.07,0.34
334,Scott McTominay,SCO,MF,Manchester Utd,28,1996,2,0,19,0.2,0,0,0,0,0,0,0,0,0.1,0.1,0.0,0.1,0,1,2,0.00,0.00,0.00,0.00,0.00,0.33,0.00,0.33,0.33,0.33
335,Ben Mee,ENG,DF,Brentford,35,1989,7,2,183,2.0,0,0,0,0,0,0,2,0,0.0,0.0,0.0,0.0,3,11,2,0.00,0.00,0.00,0.00,0.00,0.00,0.00,0.00,0.00,0.00
336,Jayden Meghoma,ENG,DF,Brentford,18,2006,1,0,5,0.1,0,0,0,0,0,0,0,0,0.0,0.0,0.0,0.0,0,0,0,0.00,0.00,0.00,0.00,0.00,0.00,0.00,0.00,0.00,0.00
337,Mikel Merino,ESP,"MF,FW",Arsenal,28,1996,23,14,1329,14.8,6,1,7,6,0,0,2,0,3.9,3.9,1.4,5.3,8,60,82,0.41,0.07,0.47,0.41,0.47,0.26,0.09,0.36,0.26,0.36
338,Shumaira Mheuka,ENG,MF,Chelsea,17,2007,1,0,1,0.0,0,0,0,0,0,0,0,0,0.1,0.1,0.0,0.1,0,0,0,0.00,0.00,0.00,0.00,0.00,5.06,0.00,5.06,5.06,5.06
339,Nikola Milenković,SRB,DF,Nott'ham Forest,27,1997,30,30,2700,30.0,4,2,6,4,0,0,4,0,3.6,3.6,0.8,4.4,3,43,5,0.13,0.07,0.20,0.13,0.20,0.12,0.03,0.15,0.12,0.15
340,Lewis Miley,ENG,MF,Newcastle Utd,18,2006,10,1,219,2.4,1,0,1,1,0,0,0,0,0.5,0.5,0.0,0.6,1,13,6,0.41,0.00,0.41,0.41,0.41,0.22,0.01,0.23,0.22,0.23
341,James Milner,ENG,MF,Brighton,39,1986,3,3,169,1.9,0,0,0,0,0,0,1,0,0.2,0.2,0.2,0.4,1,10,10,0.00,0.00,0.00,0.00,0.00,0.09,0.12,0.21,0.09,0.21
342,Tyrone Mings,ENG,DF,Aston Villa,32,1993,11,9,871,9.7,0,0,0,0,0,0,1,0,0.7,0.7,0.2,0.9,5,35,0,0.00,0.00,0.00,0.00,0.00,0.08,0.02,0.09,0.08,0.09
343,Yankuba Minteh,GAM,"FW,MF",Brighton,20,2004,25,14,1337,14.9,5,4,9,5,0,0,6,0,3.3,3.3,4.3,7.6,58,29,141,0.34,0.27,0.61,0.34,0.61,0.22,0.29,0.51,0.22,0.51
344,Tyrick Mitchell,ENG,DF,Crystal Palace,25,1999,30,30,2520,28.0,0,4,4,0,0,0,2,0,1.2,1.2,5.3,6.6,51,55,143,0.00,0.14,0.14,0.00,0.14,0.04,0.19,0.24,0.04,0.24
345,Kaoru Mitoma,JPN,"FW,MF",Brighton,27,1997,31,28,2467,27.4,7,3,10,7,0,0,1,0,7.5,7.5,4.4,11.9,135,80,274,0.26,0.11,0.36,0.26,0.36,0.27,0.16,0.44,0.27,0.44
346,Jakub Moder,POL,MF,Brighton,26,1999,4,0,11,0.1,0,0,0,0,0,0,0,0,0.0,0.0,0.2,0.2,2,4,0,0.00,0.00,0.00,0.00,0.00,0.00,1.45,1.45,0.00,1.45
347,Jeremy Monga,,FW,Leicester City,,,1,0,17,0.2,0,0,0,0,0,0,0,0,0.0,0.0,0.0,0.0,0,1,2,0.00,0.00,0.00,0.00,0.00,0.00,0.00,0.00,0.00,0.00
348,Mikey Moore,ENG,"FW,MF",Tottenham,17,2007,7,2,185,2.1,0,1,1,0,0,0,0,0,0.2,0.2,0.3,0.5,9,7,30,0.00,0.49,0.49,0.00,0.49,0.10,0.16,0.26,0.10,0.26
349,Morato,BRA,DF,Nott'ham Forest,23,2001,22,5,754,8.4,0,0,0,0,0,0,2,0,0.2,0.2,0.0,0.2,0,14,1,0.00,0.00,0.00,0.00,0.00,0.02,0.00,0.02,0.02,0.02
350,Álex Moreno,ESP,"DF,MF",Nott'ham Forest,31,1993,14,10,865,9.6,0,1,1,0,0,0,2,0,0.2,0.2,1.0,1.1,25,30,32,0.00,0.10,0.10,0.00,0.10,0.02,0.10,0.12,0.02,0.12
351,Sam Morsy,EGY,MF,Ipswich Town,33,1991,26,24,2150,23.9,1,1,2,1,0,0,8,0,0.3,0.3,0.7,1.1,13,98,9,0.04,0.04,0.08,0.04,0.08,0.01,0.03,0.04,0.01,0.04
352,Yerson Mosquera,COL,DF,Wolves,23,2001,5,5,441,4.9,0,0,0,0,0,0,2,0,0.3,0.3,0.1,0.4,0,7,0,0.00,0.00,0.00,0.00,0.00,0.07,0.02,0.09,0.07,0.09
353,Mason Mount,ENG,"MF,FW",Manchester Utd,26,1999,10,4,280,3.1,0,0,0,0,0,0,3,0,0.7,0.7,0.2,0.9,4,11,8,0.00,0.00,0.00,0.00,0.00,0.22,0.06,0.28,0.22,0.28
354,Divin Mubama,ENG,FW,Manchester City,20,2004,1,0,28,0.3,0,0,0,0,0,0,0,0,0.0,0.0,0.0,0.0,0,1,0,0.00,0.00,0.00,0.00,0.00,0.12,0.00,0.12,0.12,0.12
355,Mykhailo Mudryk,UKR,FW,Chelsea,24,2001,7,1,151,1.7,0,0,0,0,0,0,0,0,0.3,0.3,1.0,1.2,7,5,12,0.00,0.00,0.00,0.00,0.00,0.15,0.58,0.73,0.15,0.73
356,Marshall Munetsi,ZIM,"MF,FW",Wolves,28,1996,7,6,518,5.8,1,1,2,1,0,0,0,0,2.8,2.8,0.8,3.7,3,5,19,0.17,0.17,0.35,0.17,0.35,0.49,0.14,0.64,0.49,0.64
357,Rodrigo Muniz,BRA,FW,Fulham,23,2001,30,7,908,10.1,8,1,9,8,0,0,1,0,5.5,5.5,0.7,6.3,5,26,31,0.79,0.10,0.89,0.79,0.89,0.55,0.07,0.62,0.55,0.62
358,Daniel Muñoz,COL,DF,Crystal Palace,28,1996,29,29,2508,27.9,4,4,8,4,0,0,7,0,4.2,4.2,3.8,8.0,42,68,166,0.14,0.14,0.29,0.14,0.29,0.15,0.14,0.29,0.15,0.29
359,Arijanet Muric,KVX,GK,Ipswich Town,26,1998,18,18,1620,18.0,0,0,0,0,0,0,1,0,0.0,0.0,0.0,0.0,0,1,0,0.00,0.00,0.00,0.00,0.00,0.00,0.00,0.00,0.00,0.00
360,Murillo,BRA,DF,Nott'ham Forest,22,2002,30,30,2658,29.5,1,0,1,1,0,0,5,0,1.2,1.2,1.1,2.3,17,96,4,0.03,0.00,0.03,0.03,0.03,0.04,0.04,0.08,0.04,0.08
361,Jacob Murphy,ENG,FW,Newcastle Utd,30,1995,27,23,1816,20.2,7,9,16,7,0,0,3,0,5.5,5.5,6.7,12.2,59,59,163,0.35,0.45,0.79,0.35,0.79,0.27,0.33,0.60,0.27,0.60
362,Vitaliy Mykolenko,UKR,DF,Everton,25,1999,28,28,2452,27.2,0,1,1,0,0,0,2,0,0.4,0.4,1.5,1.9,27,89,69,0.00,0.04,0.04,0.00,0.04,0.01,0.05,0.07,0.01,0.07
363,Iliman Ndiaye,SEN,FW,Everton,25,2000,26,23,1973,21.9,7,0,7,5,2,2,3,0,4.5,2.9,1.5,4.5,73,41,99,0.32,0.00,0.32,0.23,0.23,0.21,0.07,0.28,0.13,0.20
364,Wilfred Ndidi,NGA,MF,Leicester City,28,1996,22,22,1825,20.3,0,4,4,0,0,0,6,0,1.6,1.6,1.7,3.3,13,55,71,0.00,0.20,0.20,0.00,0.20,0.08,0.08,0.16,0.08,0.16
365,Kosta Nedeljković,SRB,DF,Aston Villa,19,2005,5,0,126,1.4,0,0,0,0,0,0,0,0,0.0,0.0,0.0,0.0,1,6,0,0.00,0.00,0.00,0.00,0.00,0.00,0.00,0.00,0.00,0.00
366,Reiss Nelson,ENG,FW,Arsenal,25,1999,1,0,3,0.0,0,0,0,0,0,0,0,0,0.0,0.0,0.0,0.0,0,0,0,0.00,0.00,0.00,0.00,0.00,0.00,0.00,0.00,0.00,0.00
367,Reiss Nelson,ENG,FW,Fulham,25,1999,11,5,487,5.4,1,1,2,1,0,0,1,0,1.1,1.1,1.0,2.1,45,35,63,0.18,0.18,0.37,0.18,0.37,0.20,0.18,0.39,0.20,0.39
368,Neto,BRA,GK,Bournemouth,35,1989,2,2,180,2.0,0,0,0,0,0,0,0,0,0.0,0.0,0.0,0.0,0,0,0,0.00,0.00,0.00,0.00,0.00,0.00,0.00,0.00,0.00,0.00
369,Pedro Neto,POR,FW,Chelsea,25,2000,28,17,1653,18.4,3,4,7,3,0,0,8,0,2.3,2.3,4.6,6.9,97,44,174,0.16,0.22,0.38,0.16,0.38,0.13,0.25,0.38,0.13,0.38
370,Eddie Nketiah,ENG,"FW,MF",Crystal Palace,25,1999,22,7,750,8.3,1,1,2,1,0,0,5,1,3.5,3.5,1.5,5.0,32,15,61,0.12,0.12,0.24,0.12,0.24,0.42,0.18,0.60,0.42,0.60
371,Christopher Nkunku,FRA,FW,Chelsea,27,1997,26,9,917,10.2,3,2,5,3,0,0,2,0,4.8,4.8,2.0,6.8,17,25,67,0.29,0.20,0.49,0.29,0.49,0.47,0.20,0.67,0.47,0.67
372,Matheus Nunes,POR,"DF,MF",Manchester City,26,1998,21,14,1224,13.6,0,4,4,0,0,0,3,0,0.5,0.5,3.4,3.9,49,55,139,0.00,0.29,0.29,0.00,0.29,0.04,0.25,0.29,0.04,0.29
373,Darwin Núñez,URU,FW,Liverpool,25,1999,25,8,1010,11.2,5,2,7,5,0,0,8,0,5.0,5.0,1.2,6.2,20,25,67,0.45,0.18,0.62,0.45,0.62,0.44,0.11,0.55,0.44,0.55
374,Ethan Nwaneri,ENG,"FW,MF",Arsenal,18,2007,21,9,716,8.0,3,2,5,3,0,0,1,0,0.9,0.9,1.0,1.9,40,27,90,0.38,0.25,0.63,0.38,0.63,0.12,0.13,0.24,0.12,0.24
375,Christian Nørgaard,DEN,MF,Brentford,31,1994,27,27,2190,24.3,4,2,6,4,0,0,4,1,3.2,3.2,0.8,4.0,12,120,34,0.16,0.08,0.25,0.16,0.25,0.13,0.03,0.16,0.13,0.16
376,Jake O'Brien,IRL,DF,Everton,23,2001,14,11,1031,11.5,2,0,2,2,0,0,4,0,0.7,0.7,0.6,1.2,6,37,23,0.17,0.00,0.17,0.17,0.17,0.06,0.05,0.11,0.06,0.11
377,Matt O'Riley,DEN,MF,Brighton,24,2000,14,6,544,6.0,1,1,2,1,0,0,1,0,1.2,1.2,1.2,2.4,11,24,29,0.17,0.17,0.33,0.17,0.33,0.20,0.19,0.39,0.20,0.39
378,Dara O'Shea,IRL,DF,Ipswich Town,26,1999,28,28,2492,27.7,0,2,2,0,0,0,6,0,1.1,1.1,0.5,1.6,3,66,5,0.00,0.07,0.07,0.00,0.07,0.04,0.02,0.06,0.04,0.06
379,Chidozie Obi-Martin,DEN,FW,Manchester Utd,17,2007,3,0,28,0.3,0,0,0,0,0,0,1,0,0.0,0.0,0.0,0.0,1,1,2,0.00,0.00,0.00,0.00,0.00,0.00,0.00,0.00,0.00,0.00
380,Wilson Odobert,FRA,FW,Tottenham,20,2004,10,5,450,5.0,0,0,0,0,0,0,0,0,0.7,0.7,0.1,0.8,30,18,40,0.00,0.00,0.00,0.00,0.00,0.13,0.03,0.16,0.13,0.16
381,Chiedozie Ogbene,IRL,FW,Ipswich Town,27,1997,5,3,238,2.6,0,0,0,0,0,0,0,0,0.0,0.0,0.1,0.1,7,0,15,0.00,0.00,0.00,0.00,0.00,0.00,0.03,0.03,0.00,0.03
382,Caleb Okoli,ITA,DF,Leicester City,23,2001,17,11,1034,11.5,0,0,0,0,0,0,3,0,0.1,0.1,0.0,0.1,3,30,2,0.00,0.00,0.00,0.00,0.00,0.01,0.00,0.01,0.01,0.01
383,Robin Olsen,SWE,GK,Aston Villa,35,1990,3,1,180,2.0,0,0,0,0,0,0,0,0,0.0,0.0,0.0,0.0,0,0,0,0.00,0.00,0.00,0.00,0.00,0.00,0.00,0.00,0.00,0.00
384,Amadou Onana,BEL,MF,Aston Villa,23,2001,19,15,1166,13.0,2,0,2,2,0,0,4,0,1.8,1.8,0.2,2.0,16,44,11,0.15,0.00,0.15,0.15,0.15,0.14,0.01,0.16,0.14,0.16
385,André Onana,CMR,GK,Manchester Utd,29,1996,31,31,2790,31.0,0,0,0,0,0,0,0,0,0.0,0.0,0.2,0.2,0,1,0,0.00,0.00,0.00,0.00,0.00,0.00,0.01,0.01,0.00,0.01
386,Paul Onuachu,NGA,FW,Southampton,30,1994,21,9,871,9.7,4,1,5,4,0,0,3,0,3.2,3.2,0.5,3.7,7,12,35,0.41,0.10,0.52,0.41,0.52,0.33,0.05,0.38,0.33,0.38
387,Frank Onyeka,NGA,MF,Brentford,27,1998,2,0,25,0.3,0,0,0,0,0,0,0,0,0.0,0.0,0.0,0.0,0,1,0,0.00,0.00,0.00,0.00,0.00,0.00,0.00,0.00,0.00,0.00
388,Lewis Orford,ENG,MF,West Ham,19,2006,2,0,49,0.5,0,0,0,0,0,0,0,0,0.0,0.0,0.0,0.0,0,0,1,0.00,0.00,0.00,0.00,0.00,0.05,0.04,0.09,0.05,0.09
389,Stefan Ortega,GER,GK,Manchester City,32,1992,10,10,900,10.0,0,0,0,0,0,0,1,0,0.0,0.0,0.0,0.0,0,0,0,0.00,0.00,0.00,0.00,0.00,0.00,0.00,0.00,0.00,0.00
390,William Osula,DEN,FW,Newcastle Utd,21,2003,11,0,90,1.0,0,0,0,0,0,0,0,0,0.0,0.0,0.1,0.1,1,1,7,0.00,0.00,0.00,0.00,0.00,0.04,0.09,0.13,0.04,0.13
391,Dango Ouattara,BFA,FW,Bournemouth,23,2002,28,17,1685,18.7,7,4,11,7,0,0,1,0,7.7,7.7,4.8,12.5,67,36,169,0.37,0.21,0.59,0.37,0.59,0.41,0.26,0.67,0.41,0.67
392,Nico O’Reilly,ENG,"DF,MF",Manchester City,20,2005,4,2,186,2.1,0,0,0,0,0,0,0,0,0.1,0.1,0.1,0.2,9,7,11,0.00,0.00,0.00,0.00,0.00,0.07,0.04,0.11,0.07,0.11
393,Alex Palmer,ENG,GK,Ipswich Town,28,1996,7,7,630,7.0,0,0,0,0,0,0,1,0,0.0,0.0,0.0,0.0,0,1,0,0.00,0.00,0.00,0.00,0.00,0.00,0.00,0.00,0.00,0.00
394,Cole Palmer,ENG,MF,Chelsea,22,2002,30,29,2562,28.5,14,7,21,11,3,4,5,0,15.5,12.3,9.1,21.4,91,165,149,0.49,0.25,0.74,0.39,0.63,0.54,0.32,0.86,0.43,0.75
395,Emerson Palmieri,ITA,DF,West Ham,30,1994,27,23,1851,20.6,2,1,3,2,0,0,5,0,1.8,1.8,1.5,3.3,38,56,72,0.10,0.05,0.15,0.10,0.15,0.09,0.07,0.16,0.09,0.16
396,Lucas Paquetá,BRA,"MF,FW",West Ham,27,1997,27,23,1987,22.1,4,0,4,2,2,2,7,0,5.1,3.5,2.3,5.8,16,114,77,0.18,0.00,0.18,0.09,0.09,0.23,0.10,0.34,0.16,0.26
397,Thomas Partey,GHA,"MF,DF",Arsenal,31,1993,29,25,2279,25.3,3,2,5,3,0,0,4,0,1.8,1.8,1.9,3.7,30,155,38,0.12,0.08,0.20,0.12,0.20,0.07,0.08,0.15,0.07,0.15
398,Nathan Patterson,SCO,"DF,FW",Everton,23,2001,8,1,203,2.3,0,0,0,0,0,0,0,0,0.1,0.1,0.3,0.4,4,7,7,0.00,0.00,0.00,0.00,0.00,0.03,0.15,0.18,0.03,0.18
399,Andreas Pereira,BRA,MF,Fulham,29,1996,28,20,1676,18.6,2,4,6,2,0,1,7,0,3.4,2.6,3.9,6.5,21,96,71,0.11,0.21,0.32,0.11,0.32,0.18,0.21,0.39,0.14,0.35
400,Ricardo Pereira,POR,DF,Leicester City,31,1993,5,2,185,2.1,0,0,0,0,0,0,1,0,0.1,0.1,0.0,0.1,3,9,5,0.00,0.00,0.00,0.00,0.00,0.04,0.00,0.04,0.04,0.04
401,Kalvin Phillips,ENG,MF,Ipswich Town,29,1995,18,14,1214,13.5,0,0,0,0,0,0,6,1,0.4,0.4,0.2,0.6,4,49,4,0.00,0.00,0.00,0.00,0.00,0.03,0.02,0.05,0.03,0.05
402,Jaden Philogene Bidace,ENG,"FW,MF",Aston Villa,23,2002,11,2,332,3.7,0,0,0,0,0,0,4,1,0.5,0.5,0.3,0.8,7,4,17,0.00,0.00,0.00,0.00,0.00,0.13,0.08,0.20,0.13,0.20
403,Jaden Philogene Bidace,ENG,"FW,DF",Ipswich Town,23,2002,9,5,469,5.2,2,0,2,2,0,0,1,0,2.0,2.0,0.2,2.2,13,10,36,0.38,0.00,0.38,0.38,0.38,0.38,0.05,0.42,0.38,0.42
404,Jordan Pickford,ENG,GK,Everton,31,1994,31,31,2790,31.0,0,1,1,0,0,0,6,0,0.0,0.0,0.4,0.4,0,0,0,0.00,0.03,0.03,0.00,0.03,0.00,0.01,0.01,0.00,0.01
405,Ethan Pinnock,JAM,DF,Brentford,31,1993,22,21,1913,21.3,2,0,2,2,0,0,2,0,1.1,1.1,1.2,2.3,3,41,9,0.09,0.00,0.09,0.09,0.09,0.05,0.05,0.11,0.05,0.11
406,Daniel Podence,POR,"MF,FW",Wolves,29,1995,2,0,48,0.5,0,0,0,0,0,0,0,0,0.0,0.0,0.0,0.0,1,2,3,0.00,0.00,0.00,0.00,0.00,0.07,0.00,0.07,0.07,0.07
407,Alfie Pond,ENG,DF,Wolves,21,2004,1,0,1,0.0,0,0,0,0,0,0,0,0,0.0,0.0,0.0,0.0,0,0,0,0.00,0.00,0.00,0.00,0.00,0.00,0.00,0.00,0.00,0.00
408,Nick Pope,ENG,GK,Newcastle Utd,32,1992,20,20,1800,20.0,0,0,0,0,0,0,2,0,0.0,0.0,0.0,0.0,0,0,0,0.00,0.00,0.00,0.00,0.00,0.00,0.00,0.00,0.00,0.00
409,Pedro Porro,ESP,DF,Tottenham,25,1999,30,25,2373,26.4,2,5,7,2,0,0,4,0,1.5,1.5,3.5,5.0,58,136,95,0.08,0.19,0.27,0.08,0.27,0.06,0.13,0.19,0.06,0.19
410,Jarell Quansah,ENG,DF,Liverpool,22,2003,10,2,292,3.2,0,0,0,0,0,0,1,0,0.0,0.0,0.0,0.0,2,10,3,0.00,0.00,0.00,0.00,0.00,0.00,0.00,0.00,0.00,0.00
411,Hákon Rafn Valdimarsson,ISL,GK,Brentford,23,2001,2,1,145,1.6,0,0,0,0,0,0,0,0,0.0,0.0,0.0,0.0,0,0,0,0.00,0.00,0.00,0.00,0.00,0.00,0.00,0.00,0.00,0.00
412,Aaron Ramsdale,ENG,GK,Southampton,26,1998,23,23,2070,23.0,0,0,0,0,0,0,2,0,0.0,0.0,0.0,0.0,0,0,0,0.00,0.00,0.00,0.00,0.00,0.00,0.00,0.00,0.00,0.00
413,Jacob Ramsey,ENG,"FW,MF",Aston Villa,23,2001,23,16,1341,14.9,1,3,4,1,0,0,1,0,1.3,1.3,2.0,3.3,52,60,92,0.07,0.20,0.27,0.07,0.27,0.09,0.13,0.22,0.09,0.22
414,Marcus Rashford,ENG,"FW,MF",Manchester Utd,27,1997,15,12,978,10.9,4,1,5,4,0,0,2,0,1.7,1.7,2.1,3.8,20,21,79,0.37,0.09,0.46,0.37,0.46,0.16,0.19,0.35,0.16,0.35
415,Marcus Rashford,ENG,FW,Aston Villa,27,1997,7,2,295,3.3,1,2,3,1,0,0,0,0,1.4,1.4,2.0,3.4,16,12,35,0.31,0.61,0.92,0.31,0.92,0.44,0.60,1.04,0.44,1.04
416,David Raya,ESP,GK,Arsenal,29,1995,31,31,2790,31.0,0,0,0,0,0,0,2,0,0.0,0.0,0.0,0.0,0,11,0,0.00,0.00,0.00,0.00,0.00,0.00,0.00,0.00,0.00,0.00
417,Harrison Reed,ENG,MF,Fulham,30,1995,11,0,93,1.0,0,0,0,0,0,0,2,0,0.2,0.2,0.1,0.3,1,4,7,0.00,0.00,0.00,0.00,0.00,0.22,0.07,0.30,0.22,0.30
418,Remy Rees-Dottin,ENG,FW,Bournemouth,19,2006,1,0,1,0.0,0,0,0,0,0,0,0,0,0.0,0.0,0.0,0.0,0,0,0,0.00,0.00,0.00,0.00,0.00,0.00,0.00,0.00,0.00,0.00
419,Sergio Reguilón,ESP,DF,Tottenham,28,1996,3,0,123,1.4,0,0,0,0,0,0,2,0,0.1,0.1,0.0,0.1,4,12,10,0.00,0.00,0.00,0.00,0.00,0.05,0.02,0.07,0.05,0.07
420,Bobby Reid,JAM,"FW,MF",Leicester City,32,1993,20,7,639,7.1,1,2,3,1,0,0,2,0,0.8,0.8,1.2,2.0,12,14,40,0.14,0.28,0.42,0.14,0.42,0.11,0.17,0.27,0.11,0.27
421,Vitor Reis,BRA,DF,Manchester City,19,2006,1,0,1,0.0,0,0,0,0,0,0,0,0,0.0,0.0,0.0,0.0,0,0,0,0.00,0.00,0.00,0.00,0.00,0.00,0.00,0.00,0.00,0.00
422,Chadi Riad,MAR,DF,Crystal Palace,21,2003,1,1,90,1.0,0,0,0,0,0,0,0,0,0.0,0.0,0.0,0.0,2,7,0,0.00,0.00,0.00,0.00,0.00,0.00,0.00,0.00,0.00,0.00
423,Declan Rice,ENG,MF,Arsenal,26,1999,29,27,2336,26.0,2,5,7,2,0,0,6,1,2.6,2.6,6.0,8.5,78,158,81,0.08,0.19,0.27,0.08,0.27,0.10,0.23,0.33,0.10,0.33
424,Chris Richards,USA,DF,Crystal Palace,25,2000,17,15,1338,14.9,0,0,0,0,0,0,2,0,0.5,0.5,0.1,0.6,5,33,1,0.00,0.00,0.00,0.00,0.00,0.03,0.01,0.04,0.03,0.04
425,Richarlison,BRA,FW,Tottenham,27,1997,9,2,279,3.1,2,1,3,2,0,0,1,0,1.2,1.2,0.9,2.1,8,10,17,0.65,0.32,0.97,0.65,0.97,0.38,0.29,0.67,0.38,0.67
426,Andrew Robertson,SCO,DF,Liverpool,31,1994,29,26,2187,24.3,0,0,0,0,0,0,3,1,0.9,0.9,4.1,5.1,57,162,90,0.00,0.00,0.00,0.00,0.00,0.04,0.17,0.21,0.04,0.21
427,Antonee Robinson,USA,DF,Fulham,27,1997,31,30,2719,30.2,0,10,10,0,0,0,7,0,0.7,0.7,4.0,4.7,106,112,238,0.00,0.33,0.33,0.00,0.33,0.02,0.13,0.16,0.02,0.16
428,Rodri,ESP,MF,Manchester City,28,1996,2,1,65,0.7,0,0,0,0,0,0,0,0,0.0,0.0,0.0,0.0,0,4,1,0.00,0.00,0.00,0.00,0.00,0.00,0.06,0.06,0.00,0.06
429,Guido Rodríguez,ARG,MF,West Ham,31,1994,20,14,1018,11.3,0,0,0,0,0,0,5,0,0.2,0.2,0.1,0.3,2,31,5,0.00,0.00,0.00,0.00,0.00,0.02,0.01,0.03,0.02,0.03
430,Mads Roerslev,DEN,DF,Brentford,25,1999,19,11,1101,12.2,0,2,2,0,0,0,2,0,0.2,0.2,3.0,3.2,17,51,54,0.00,0.16,0.16,0.00,0.16,0.02,0.24,0.26,0.02,0.26
431,Morgan Rogers,ENG,"FW,MF",Aston Villa,22,2002,30,30,2513,27.9,8,6,14,8,0,0,8,0,5.8,5.8,6.1,11.9,95,101,149,0.29,0.21,0.50,0.29,0.50,0.21,0.22,0.43,0.21,0.43
432,Cristian Romero,ARG,DF,Tottenham,26,1998,16,16,1281,14.2,1,0,1,1,0,0,2,0,1.4,1.4,0.5,1.9,12,57,3,0.07,0.00,0.07,0.07,0.07,0.10,0.04,0.13,0.10,0.13
433,Georginio Rutter,FRA,"MF,FW",Brighton,22,2002,28,19,1656,18.4,5,3,8,5,0,0,2,0,4.6,4.6,2.5,7.1,42,67,79,0.27,0.16,0.43,0.27,0.43,0.25,0.14,0.39,0.25,0.39
434,José Sá,POR,GK,Wolves,32,1993,24,24,2160,24.0,0,0,0,0,0,0,2,0,0.0,0.0,0.1,0.1,0,2,0,0.00,0.00,0.00,0.00,0.00,0.00,0.01,0.01,0.00,0.01
435,Bukayo Saka,ENG,"FW,MF",Arsenal,23,2001,18,16,1338,14.9,6,10,16,5,1,1,3,0,5.1,4.3,6.0,10.3,74,54,204,0.40,0.67,1.08,0.34,1.01,0.34,0.40,0.75,0.29,0.69
436,Mohamed Salah,EGY,FW,Liverpool,32,1992,31,31,2747,30.5,27,17,44,18,9,9,1,0,22.5,15.5,11.3,26.8,128,117,384,0.88,0.56,1.44,0.59,1.15,0.74,0.37,1.11,0.51,0.88
437,William Saliba,FRA,DF,Arsenal,24,2001,29,29,2544,28.3,2,0,2,2,0,0,2,1,2.2,2.2,0.5,2.7,14,121,6,0.07,0.00,0.07,0.07,0.07,0.08,0.02,0.10,0.08,0.10
438,Robert Sánchez,ESP,GK,Chelsea,27,1997,25,25,2250,25.0,0,0,0,0,0,0,5,0,0.0,0.0,0.0,0.0,0,1,0,0.00,0.00,0.00,0.00,0.00,0.00,0.00,0.00,0.00,0.00
439,Jadon Sancho,ENG,FW,Chelsea,25,2000,25,18,1587,17.6,2,4,6,2,0,0,1,0,1.9,1.9,3.3,5.2,88,78,196,0.11,0.23,0.34,0.11,0.34,0.11,0.19,0.29,0.11,0.29
440,Ibrahim Sangaré,CIV,MF,Nott'ham Forest,27,1997,8,3,279,3.1,0,1,1,0,0,0,2,0,0.0,0.0,0.4,0.4,0,12,2,0.00,0.32,0.32,0.00,0.32,0.01,0.11,0.12,0.01,0.12
441,Pablo Sarabia,ESP,"MF,FW",Wolves,32,1992,17,6,610,6.8,2,2,4,2,0,0,2,0,2.6,2.6,1.5,4.1,11,46,47,0.30,0.30,0.59,0.30,0.59,0.38,0.22,0.60,0.38,0.60
442,Jeremy Sarmiento,ECU,MF,Brighton,22,2002,1,0,9,0.1,0,0,0,0,0,0,0,0,0.0,0.0,0.0,0.0,0,0,2,0.00,0.00,0.00,0.00,0.00,0.00,0.00,0.00,0.00,0.00
443,Ismaila Sarr,SEN,MF,Crystal Palace,27,1998,30,23,2110,23.4,7,3,10,7,0,0,3,0,7.8,7.8,6.0,13.8,59,68,153,0.30,0.13,0.43,0.30,0.43,0.33,0.26,0.59,0.33,0.59
444,Sávio,BRA,"FW,MF",Manchester City,21,2004,25,20,1648,18.3,1,8,9,1,0,0,3,0,4.8,4.8,6.6,11.4,129,65,226,0.05,0.44,0.49,0.05,0.49,0.26,0.36,0.62,0.26,0.62
445,Oliver Scarles,ENG,DF,West Ham,19,2005,12,5,527,5.9,0,0,0,0,0,0,1,0,0.1,0.1,0.0,0.1,9,20,38,0.00,0.00,0.00,0.00,0.00,0.02,0.00,0.02,0.02,0.02
446,Dane Scarlett,ENG,"FW,MF",Tottenham,21,2004,3,0,34,0.4,0,1,1,0,0,0,0,0,0.0,0.0,0.0,0.1,1,1,1,0.00,2.65,2.65,0.00,2.65,0.09,0.12,0.22,0.09,0.22
447,Kevin Schade,GER,FW,Brentford,23,2001,31,19,1755,19.5,7,2,9,7,0,0,2,0,5.9,5.9,3.2,9.0,54,32,134,0.36,0.10,0.46,0.36,0.46,0.30,0.16,0.46,0.30,0.46
448,Fabian Schär,SUI,DF,Newcastle Utd,33,1991,26,25,2232,24.8,2,0,2,2,0,0,6,1,1.7,1.7,0.3,1.9,12,75,16,0.08,0.00,0.08,0.08,0.08,0.07,0.01,0.08,0.07,0.08
449,Jeffrey Schlupp,GHA,"MF,DF",Crystal Palace,32,1992,12,0,103,1.1,0,0,0,0,0,0,0,0,0.2,0.2,0.2,0.3,4,5,9,0.00,0.00,0.00,0.00,0.00,0.14,0.14,0.28,0.14,0.28
450,Alex Scott,ENG,MF,Bournemouth,21,2003,14,4,503,5.6,0,0,0,0,0,0,1,0,0.5,0.5,0.3,0.8,9,46,22,0.00,0.00,0.00,0.00,0.00,0.09,0.05,0.14,0.09,0.14
451,Matz Sels,BEL,GK,Nott'ham Forest,33,1992,31,31,2790,31.0,0,0,0,0,0,0,2,0,0.0,0.0,0.0,0.0,0,1,0,0.00,0.00,0.00,0.00,0.00,0.00,0.00,0.00,0.00,0.00
452,Nélson Semedo,POR,DF,Wolves,31,1993,27,26,2325,25.8,0,4,4,0,0,0,7,0,0.7,0.7,2.6,3.3,60,61,99,0.00,0.15,0.15,0.00,0.15,0.03,0.10,0.13,0.03,0.13
453,Antoine Semenyo,GHA,FW,Bournemouth,25,2000,30,30,2645,29.4,7,4,11,7,0,0,9,0,8.9,8.9,5.2,14.2,124,93,242,0.24,0.14,0.37,0.24,0.37,0.30,0.18,0.48,0.30,0.48
454,Marcos Senesi,ARG,DF,Bournemouth,27,1997,13,11,963,10.7,0,0,0,0,0,0,4,0,0.8,0.8,0.2,1.0,12,50,5,0.00,0.00,0.00,0.00,0.00,0.08,0.02,0.10,0.08,0.10
455,Ryan Sessegnon,ENG,"FW,DF",Fulham,24,2000,9,2,191,2.1,3,1,4,3,0,0,0,0,0.8,0.8,0.6,1.4,6,2,16,1.41,0.47,1.88,1.41,1.88,0.40,0.26,0.66,0.40,0.66
456,Luke Shaw,ENG,DF,Manchester Utd,29,1995,2,0,70,0.8,0,0,0,0,0,0,0,0,0.0,0.0,0.0,0.0,1,6,0,0.00,0.00,0.00,0.00,0.00,0.00,0.00,0.00,0.00,0.00
457,Zain Silcott-Duberry,MSR,FW,Bournemouth,19,2005,1,0,1,0.0,0,0,0,0,0,0,0,0,0.0,0.0,0.0,0.0,0,0,0,0.00,0.00,0.00,0.00,0.00,0.00,0.00,0.00,0.00,0.00
458,Bernardo Silva,POR,"MF,FW",Manchester City,30,1994,27,23,2131,23.7,2,4,6,2,0,0,6,0,3.0,3.0,4.2,7.2,84,99,169,0.08,0.17,0.25,0.08,0.25,0.13,0.18,0.31,0.13,0.31
459,Jota Silva,POR,"FW,MF",Nott'ham Forest,25,1999,26,4,770,8.6,3,1,4,3,0,0,5,0,1.6,1.6,2.9,4.5,18,16,50,0.35,0.12,0.47,0.35,0.47,0.19,0.34,0.53,0.19,0.53
460,Eric da Silva Moreira,GER,"MF,DF",Nott'ham Forest,18,2006,2,0,30,0.3,0,0,0,0,0,0,0,0,0.0,0.0,0.0,0.0,1,0,1,0.00,0.00,0.00,0.00,0.00,0.00,0.00,0.00,0.00,0.00
461,Jahmai Simpson-Pusey,ENG,DF,Manchester City,19,2005,2,1,96,1.1,0,0,0,0,0,0,1,0,0.0,0.0,0.0,0.0,1,3,0,0.00,0.00,0.00,0.00,0.00,0.00,0.00,0.00,0.00,0.00
462,Luis Sinisterra,COL,"FW,MF",Bournemouth,25,1999,12,1,236,2.6,1,1,2,1,0,0,0,0,1.2,1.2,1.4,2.6,19,6,38,0.38,0.38,0.76,0.38,0.76,0.46,0.54,1.00,0.46,1.00
463,Oliver Skipp,ENG,MF,Leicester City,24,2000,17,7,824,9.2,0,0,0,0,0,0,5,0,0.1,0.1,0.2,0.3,14,23,14,0.00,0.00,0.00,0.00,0.00,0.01,0.02,0.04,0.01,0.04
464,William Smallbone,IRL,MF,Southampton,25,2000,13,6,582,6.5,1,0,1,1,0,0,1,0,0.4,0.4,0.6,1.0,5,23,21,0.15,0.00,0.15,0.15,0.15,0.06,0.10,0.16,0.06,0.16
465,Adam Smith,ENG,DF,Bournemouth,33,1991,19,14,1146,12.7,0,0,0,0,0,0,5,0,0.6,0.6,0.2,0.8,10,33,19,0.00,0.00,0.00,0.00,0.00,0.05,0.01,0.06,0.05,0.06
466,Emile Smith Rowe,ENG,MF,Fulham,24,2000,28,23,1805,20.1,5,2,7,5,0,0,2,0,4.1,4.1,1.1,5.2,50,113,106,0.25,0.10,0.35,0.25,0.35,0.21,0.05,0.26,0.21,0.26
467,Dominic Solanke,ENG,FW,Tottenham,27,1997,22,22,1954,21.7,7,3,10,7,0,0,0,0,9.4,9.4,2.9,12.4,29,43,84,0.32,0.14,0.46,0.32,0.46,0.43,0.14,0.57,0.43,0.57
468,Carlos Soler,ESP,"MF,FW",West Ham,28,1997,26,12,1180,13.1,1,1,2,1,0,0,5,0,1.2,1.2,1.1,2.3,13,50,24,0.08,0.08,0.15,0.08,0.15,0.09,0.08,0.18,0.09,0.18
469,Ramón Sosa,PAR,"FW,MF",Nott'ham Forest,25,1999,16,1,263,2.9,1,0,1,1,0,0,1,0,0.9,0.9,0.5,1.4,11,4,15,0.34,0.00,0.34,0.34,0.34,0.32,0.17,0.49,0.32,0.49
470,Tomáš Souček,CZE,MF,West Ham,30,1995,29,25,2150,23.9,7,1,8,7,0,0,8,0,5.3,5.3,1.0,6.3,6,66,58,0.29,0.04,0.33,0.29,0.33,0.22,0.04,0.26,0.22,0.26
471,Boubakary Soumaré,FRA,MF,Leicester City,26,1999,24,20,1728,19.2,0,0,0,0,0,0,8,0,0.2,0.2,0.4,0.6,29,88,21,0.00,0.00,0.00,0.00,0.00,0.01,0.02,0.03,0.01,0.03
472,Djed Spence,ENG,DF,Tottenham,24,2000,18,13,1244,13.8,1,2,3,1,0,0,4,1,0.5,0.5,1.7,2.2,38,79,56,0.07,0.14,0.22,0.07,0.22,0.03,0.12,0.16,0.03,0.16
473,Jay Stansfield,ENG,MF,Fulham,22,2002,1,0,1,0.0,0,0,0,0,0,0,0,0,0.0,0.0,0.0,0.0,0,0,0,0.00,0.00,0.00,0.00,0.00,0.00,0.00,0.00,0.00,0.00
474,Jason Steele,ENG,GK,Brighton,34,1990,2,2,180,2.0,0,0,0,0,0,0,0,0,0.0,0.0,0.0,0.0,0,0,0,0.00,0.00,0.00,0.00,0.00,0.00,0.00,0.00,0.00,0.00
475,Jack Stephens,ENG,DF,Southampton,31,1994,13,11,894,9.9,0,0,0,0,0,0,2,2,0.3,0.3,0.1,0.4,11,45,1,0.00,0.00,0.00,0.00,0.00,0.03,0.01,0.04,0.03,0.04
476,Raheem Sterling,ENG,"FW,MF",Arsenal,30,1994,13,5,355,3.9,0,2,2,0,0,0,1,0,1.3,1.3,0.4,1.7,21,15,63,0.00,0.51,0.51,0.00,0.51,0.33,0.10,0.43,0.33,0.43
477,Ross Stewart,SCO,"FW,MF",Southampton,28,1996,5,1,140,1.6,0,0,0,0,0,0,1,0,0.1,0.1,0.0,0.1,1,1,5,0.00,0.00,0.00,0.00,0.00,0.07,0.00,0.07,0.07,0.07
478,Jakub Stolarczyk,POL,GK,Leicester City,24,2000,6,6,540,6.0,0,0,0,0,0,0,1,0,0.0,0.0,0.0,0.0,0,1,0,0.00,0.00,0.00,0.00,0.00,0.00,0.00,0.00,0.00,0.00
479,John Stones,ENG,"DF,MF",Manchester City,30,1994,11,6,548,6.1,2,0,2,2,0,0,1,0,0.4,0.4,0.1,0.5,10,21,2,0.33,0.00,0.33,0.33,0.33,0.07,0.01,0.08,0.07,0.08
480,Jørgen Strand Larsen,NOR,FW,Wolves,25,2000,29,26,2245,24.9,11,2,13,11,0,0,4,0,7.8,7.8,2.4,10.2,13,24,92,0.44,0.08,0.52,0.44,0.52,0.31,0.10,0.41,0.31,0.41
481,Yukinari Sugawara,JPN,"DF,MF",Southampton,24,2000,28,15,1458,16.2,1,1,2,1,0,0,4,0,0.5,0.5,2.2,2.7,32,68,76,0.06,0.06,0.12,0.06,0.12,0.03,0.14,0.17,0.03,0.17
482,Kamaldeen Sulemana,GHA,"FW,MF",Southampton,23,2002,19,10,912,10.1,1,1,2,1,0,0,0,0,1.0,1.0,0.7,1.7,47,19,64,0.10,0.10,0.20,0.10,0.20,0.10,0.07,0.17,0.10,0.17
483,Crysencio Summerville,NED,"FW,MF",West Ham,23,2001,19,7,786,8.7,1,1,2,1,0,0,2,0,1.6,1.6,1.7,3.3,29,18,71,0.11,0.11,0.23,0.11,0.23,0.19,0.19,0.38,0.19,0.38
484,Sammie Szmodics,IRL,"FW,MF",Ipswich Town,29,1995,19,13,979,10.9,4,0,4,4,0,0,2,0,3.4,3.4,0.2,3.6,16,18,46,0.37,0.00,0.37,0.37,0.37,0.31,0.02,0.33,0.31,0.33
485,Dominik Szoboszlai,HUN,MF,Liverpool,24,2000,29,24,2097,23.3,5,3,8,5,0,0,6,0,6.8,6.8,5.0,11.8,63,105,115,0.21,0.13,0.34,0.21,0.34,0.29,0.21,0.51,0.29,0.51
486,Matt Targett,ENG,DF,Newcastle Utd,29,1995,1,0,12,0.1,0,0,0,0,0,0,0,0,0.0,0.0,0.0,0.0,0,0,0,0.00,0.00,0.00,0.00,0.00,0.00,0.00,0.00,0.00,0.00
487,James Tarkowski,ENG,DF,Everton,32,1992,31,31,2781,30.9,1,1,2,1,0,0,6,0,1.1,1.1,2.2,3.3,9,70,3,0.03,0.03,0.06,0.03,0.06,0.04,0.07,0.11,0.04,0.11
488,Marcus Tavernier,ENG,"FW,MF",Bournemouth,26,1999,22,16,1505,16.7,3,5,8,3,0,0,5,0,5.2,5.2,2.8,8.0,36,95,101,0.18,0.30,0.48,0.18,0.48,0.31,0.17,0.48,0.31,0.48
489,Charlie Taylor,ENG,DF,Southampton,31,1993,7,2,266,3.0,0,0,0,0,0,0,1,0,0.0,0.0,0.1,0.1,3,8,6,0.00,0.00,0.00,0.00,0.00,0.00,0.03,0.03,0.00,0.03
490,Jack Taylor,IRL,MF,Ipswich Town,26,1998,25,1,540,6.0,1,0,1,1,0,0,3,0,0.6,0.6,0.5,1.1,9,37,16,0.17,0.00,0.17,0.17,0.17,0.10,0.09,0.19,0.10,0.19
491,Mathys Tel,FRA,FW,Tottenham,19,2005,6,4,312,3.5,1,0,1,0,1,1,0,0,1.6,0.8,0.1,0.9,8,4,17,0.29,0.00,0.29,0.00,0.00,0.46,0.03,0.49,0.24,0.27
492,Kenny Tete,NED,DF,Fulham,29,1995,16,15,1271,14.1,0,2,2,0,0,0,3,0,1.0,1.0,0.7,1.8,33,42,39,0.00,0.14,0.14,0.00,0.14,0.07,0.05,0.12,0.07,0.12
493,Thiago,BRA,FW,Brentford,23,2001,4,1,132,1.5,0,0,0,0,0,0,0,0,0.1,0.1,0.1,0.2,3,2,4,0.00,0.00,0.00,0.00,0.00,0.07,0.05,0.11,0.07,0.11
494,Luke Thomas,ENG,DF,Leicester City,23,2001,7,6,543,6.0,0,0,0,0,0,0,1,0,0.0,0.0,0.1,0.2,2,19,9,0.00,0.00,0.00,0.00,0.00,0.01,0.02,0.03,0.01,0.03
495,Youri Tielemans,BEL,MF,Aston Villa,27,1997,31,31,2645,29.4,2,5,7,2,0,1,4,0,2.7,1.9,6.2,8.1,31,198,38,0.07,0.17,0.24,0.07,0.24,0.09,0.21,0.30,0.06,0.27
496,Kieran Tierney,SCO,"DF,FW",Arsenal,27,1997,7,0,97,1.1,0,0,0,0,0,0,0,0,0.2,0.2,0.8,1.0,3,6,11,0.00,0.00,0.00,0.00,0.00,0.19,0.76,0.96,0.19,0.96
497,Jurriën Timber,NED,DF,Arsenal,23,2001,28,26,2305,25.6,1,2,3,1,0,0,7,0,1.2,1.2,0.8,2.0,53,141,103,0.04,0.08,0.12,0.04,0.12,0.05,0.03,0.08,0.05,0.08
498,Jean-Clair Todibo,FRA,DF,West Ham,25,1999,20,13,1228,13.6,0,0,0,0,0,0,2,0,0.2,0.2,0.0,0.2,7,26,4,0.00,0.00,0.00,0.00,0.00,0.01,0.00,0.01,0.01,0.01
499,Harry Toffolo,ENG,DF,Nott'ham Forest,29,1995,3,0,47,0.5,0,0,0,0,0,0,0,0,0.0,0.0,0.0,0.0,0,2,4,0.00,0.00,0.00,0.00,0.00,0.03,0.00,0.03,0.03,0.03
500,Takehiro Tomiyasu,JPN,DF,Arsenal,26,1998,1,0,7,0.1,0,0,0,0,0,0,0,0,0.2,0.2,0.0,0.2,0,1,0,0.00,0.00,0.00,0.00,0.00,2.37,0.00,2.37,2.37,2.37
501,Sandro Tonali,ITA,MF,Newcastle Utd,24,2000,28,20,1910,21.2,2,1,3,2,0,0,5,0,3.2,3.2,0.7,3.9,29,87,38,0.09,0.05,0.14,0.09,0.14,0.15,0.03,0.18,0.15,0.18
502,Pau Torres,ESP,DF,Aston Villa,28,1997,19,19,1639,18.2,0,0,0,0,0,0,1,0,0.5,0.5,0.0,0.5,31,72,4,0.00,0.00,0.00,0.00,0.00,0.03,0.00,0.03,0.03,0.03
503,Conor Townsend,ENG,DF,Ipswich Town,32,1993,5,3,306,3.4,0,1,1,0,0,0,1,0,0.0,0.0,0.7,0.7,2,7,12,0.00,0.29,0.29,0.00,0.29,0.01,0.19,0.20,0.01,0.20
504,Adama Traoré,ESP,"FW,MF",Fulham,29,1996,29,16,1482,16.5,2,5,7,2,0,0,2,0,3.8,3.8,4.1,7.8,80,56,135,0.12,0.30,0.43,0.12,0.43,0.23,0.25,0.48,0.23,0.48
505,Boubacar Traoré,MLI,MF,Wolves,23,2001,1,0,1,0.0,0,0,0,0,0,0,0,0,0.0,0.0,0.0,0.0,0,0,0,0.00,0.00,0.00,0.00,0.00,0.00,0.00,0.00,0.00,0.00
506,Mark Travers,IRL,GK,Bournemouth,25,1999,5,5,450,5.0,0,0,0,0,0,0,0,0,0.0,0.0,0.0,0.0,0,0,0,0.00,0.00,0.00,0.00,0.00,0.00,0.00,0.00,0.00,0.00
507,Ryan Trevitt,ENG,MF,Brentford,22,2003,1,0,4,0.0,0,0,0,0,0,0,0,0,0.0,0.0,0.0,0.0,0,0,1,0.00,0.00,0.00,0.00,0.00,0.00,0.00,0.00,0.00,0.00
508,Kieran Trippier,ENG,DF,Newcastle Utd,34,1990,19,9,872,9.7,0,0,0,0,0,0,1,0,0.1,0.1,0.6,0.7,16,52,30,0.00,0.00,0.00,0.00,0.00,0.01,0.06,0.07,0.01,0.07
509,Leandro Trossard,BEL,FW,Arsenal,30,1994,31,22,2001,22.2,5,5,10,5,0,0,4,1,5.4,5.4,5.0,10.4,67,84,179,0.22,0.22,0.45,0.22,0.45,0.24,0.22,0.47,0.24,0.47
510,Kostas Tsimikas,GRE,DF,Liverpool,28,1996,14,5,517,5.7,0,1,1,0,0,0,2,0,0.1,0.1,1.0,1.1,13,53,25,0.00,0.17,0.17,0.00,0.17,0.02,0.18,0.20,0.02,0.20
511,Axel Tuanzebe,COD,DF,Ipswich Town,27,1997,16,15,1265,14.1,0,1,1,0,0,0,5,1,0.2,0.2,0.3,0.5,7,45,7,0.00,0.07,0.07,0.00,0.07,0.01,0.02,0.03,0.01,0.03
512,Destiny Udogie,ITA,DF,Tottenham,22,2002,23,22,1744,19.4,0,1,1,0,0,0,2,0,0.3,0.3,1.4,1.7,51,117,92,0.00,0.05,0.05,0.00,0.05,0.02,0.07,0.09,0.02,0.09
513,Manuel Ugarte Ribeiro,URU,MF,Manchester Utd,24,2001,23,18,1442,16.0,1,0,1,1,0,0,8,0,0.8,0.8,0.6,1.3,9,47,18,0.06,0.00,0.06,0.06,0.06,0.05,0.04,0.08,0.05,0.08
514,Lesley Ugochukwu,FRA,MF,Southampton,21,2004,20,12,1177,13.1,0,1,1,0,0,0,5,0,0.7,0.7,1.0,1.7,22,44,18,0.00,0.08,0.08,0.00,0.08,0.06,0.08,0.13,0.06,0.13
515,Enes Ünal,TUR,"FW,MF",Bournemouth,27,1997,17,2,345,3.8,2,1,3,2,0,0,2,0,2.7,2.7,0.4,3.1,4,12,22,0.52,0.26,0.78,0.52,0.78,0.72,0.10,0.82,0.72,0.82
516,Virgil van Dijk,NED,DF,Liverpool,33,1991,31,31,2790,31.0,1,1,2,1,0,0,3,0,1.6,1.6,0.5,2.0,17,152,5,0.03,0.03,0.06,0.03,0.06,0.05,0.02,0.07,0.05,0.07
517,Jamie Vardy,ENG,FW,Leicester City,38,1987,29,29,2361,26.2,7,3,10,6,1,1,5,0,9.4,8.6,2.9,11.5,27,20,103,0.27,0.11,0.38,0.23,0.34,0.36,0.11,0.47,0.33,0.44
518,Renato Veiga,POR,"DF,MF",Chelsea,21,2003,7,1,181,2.0,0,0,0,0,0,0,2,0,0.1,0.1,0.0,0.1,4,7,3,0.00,0.00,0.00,0.00,0.00,0.07,0.00,0.07,0.07,0.07
519,Joël Veltman,NED,DF,Brighton,33,1992,19,19,1643,18.3,0,0,0,0,0,0,4,0,0.5,0.5,0.5,0.9,29,79,32,0.00,0.00,0.00,0.00,0.00,0.03,0.03,0.05,0.03,0.05
520,Micky van de Ven,NED,DF,Tottenham,23,2001,11,10,905,10.1,0,2,2,0,0,0,4,0,0.6,0.6,1.2,1.7,8,47,1,0.00,0.20,0.20,0.00,0.20,0.06,0.12,0.17,0.06,0.17
521,Bart Verbruggen,NED,GK,Brighton,22,2002,29,29,2610,29.0,0,1,1,0,0,0,5,0,0.0,0.0,0.0,0.0,0,2,0,0.00,0.03,0.03,0.00,0.03,0.00,0.00,0.00,0.00,0.00
522,Jannik Vestergaard,DEN,DF,Leicester City,32,1992,18,16,1391,15.5,0,0,0,0,0,0,5,0,0.1,0.1,0.1,0.2,3,32,2,0.00,0.00,0.00,0.00,0.00,0.01,0.01,0.01,0.01,0.01
523,Guglielmo Vicario,ITA,GK,Tottenham,28,1996,19,19,1710,19.0,0,0,0,0,0,0,1,0,0.0,0.0,0.0,0.0,0,1,0,0.00,0.00,0.00,0.00,0.00,0.00,0.00,0.00,0.00,0.00
524,Carlos Vinícius,BRA,MF,Fulham,30,1995,1,0,4,0.0,0,0,0,0,0,0,0,0,0.0,0.0,0.0,0.0,1,0,1,0.00,0.00,0.00,0.00,0.00,0.83,0.00,0.83,0.83,0.83
525,Kyle Walker,ENG,DF,Manchester City,34,1990,15,9,970,10.8,0,0,0,0,0,0,3,0,0.1,0.1,0.4,0.6,12,64,11,0.00,0.00,0.00,0.00,0.00,0.01,0.04,0.05,0.01,0.05
526,Kyle Walker-Peters,ENG,DF,Southampton,27,1997,29,29,2558,28.4,0,2,2,0,0,0,5,0,0.6,0.6,2.6,3.2,108,125,124,0.00,0.07,0.07,0.00,0.07,0.02,0.09,0.11,0.02,0.11
527,Christian Walton,ENG,GK,Ipswich Town,29,1995,6,6,540,6.0,0,0,0,0,0,0,0,0,0.0,0.0,0.0,0.0,0,0,0,0.00,0.00,0.00,0.00,0.00,0.00,0.00,0.00,0.00,0.00
528,Aaron Wan-Bissaka,ENG,DF,West Ham,27,1997,30,29,2614,29.0,2,2,4,2,0,0,1,0,1.0,1.0,2.5,3.5,91,116,126,0.07,0.07,0.14,0.07,0.14,0.03,0.09,0.12,0.03,0.12
529,Danny Ward,WAL,GK,Leicester City,31,1993,2,1,135,1.5,0,0,0,0,0,0,0,0,0.0,0.0,0.0,0.0,0,0,0,0.00,0.00,0.00,0.00,0.00,0.00,0.00,0.00,0.00,0.00
530,Joel Ward,ENG,DF,Crystal Palace,35,1989,1,0,1,0.0,0,0,0,0,0,0,0,0,0.0,0.0,0.0,0.0,0,0,0,0.00,0.00,0.00,0.00,0.00,0.00,0.00,0.00,0.00,0.00
531,James Ward-Prowse,ENG,MF,West Ham,30,1994,8,6,582,6.5,0,1,1,0,0,0,2,0,0.4,0.4,0.6,1.0,6,32,2,0.00,0.15,0.15,0.00,0.15,0.06,0.09,0.15,0.06,0.15
532,James Ward-Prowse,ENG,MF,Nott'ham Forest,30,1994,9,5,400,4.4,0,1,1,0,0,0,2,1,0.1,0.1,1.1,1.2,1,16,3,0.00,0.23,0.23,0.00,0.23,0.01,0.25,0.26,0.01,0.26
533,Ollie Watkins,ENG,FW,Aston Villa,29,1995,31,26,2142,23.8,13,6,19,11,2,2,1,0,13.9,12.3,2.7,14.9,47,22,133,0.55,0.25,0.80,0.46,0.71,0.58,0.11,0.69,0.52,0.63
534,Adam Webster,ENG,DF,Brighton,30,1995,11,8,617,6.9,0,0,0,0,0,0,0,0,0.0,0.0,0.5,0.5,7,40,2,0.00,0.00,0.00,0.00,0.00,0.00,0.07,0.08,0.00,0.08
535,Danny Welbeck,ENG,FW,Brighton,34,1990,24,18,1596,17.7,8,4,12,8,0,0,3,0,7.2,7.2,1.0,8.2,17,35,65,0.45,0.23,0.68,0.45,0.68,0.41,0.06,0.46,0.41,0.46
536,Welington,BRA,"DF,MF",Southampton,24,2001,6,3,209,2.3,0,0,0,0,0,0,1,0,0.0,0.0,0.0,0.0,3,6,10,0.00,0.00,0.00,0.00,0.00,0.00,0.02,0.02,0.00,0.02
537,Timo Werner,GER,"FW,MF",Tottenham,29,1996,18,4,516,5.7,0,3,3,0,0,0,0,0,1.0,1.0,2.5,3.5,42,30,89,0.00,0.52,0.52,0.00,0.52,0.17,0.44,0.61,0.17,0.61
538,Adam Wharton,ENG,MF,Crystal Palace,20,2004,15,12,1009,11.2,0,0,0,0,0,0,2,0,0.3,0.3,2.3,2.5,11,98,10,0.00,0.00,0.00,0.00,0.00,0.02,0.20,0.23,0.02,0.23
539,Ben White,ENG,DF,Arsenal,27,1997,12,8,766,8.5,0,1,1,0,0,0,2,0,0.4,0.4,0.7,1.1,5,34,19,0.00,0.12,0.12,0.00,0.12,0.04,0.08,0.13,0.04,0.13
540,Mats Wieffer,NED,MF,Brighton,25,1999,19,4,514,5.7,1,1,2,1,0,0,4,0,0.5,0.5,0.8,1.3,5,37,9,0.18,0.18,0.35,0.18,0.35,0.09,0.14,0.23,0.09,0.23
541,Neco Williams,WAL,DF,Nott'ham Forest,23,2001,28,21,1964,21.8,1,2,3,1,0,0,5,0,2.1,2.1,1.4,3.6,53,69,75,0.05,0.09,0.14,0.05,0.14,0.10,0.07,0.16,0.10,0.16
542,Willian,BRA,"MF,FW",Fulham,36,1988,6,1,155,1.7,0,0,0,0,0,0,0,0,0.1,0.1,0.2,0.4,5,23,15,0.00,0.00,0.00,0.00,0.00,0.07,0.13,0.20,0.07,0.20
543,Joe Willock,ENG,"MF,FW",Newcastle Utd,25,1999,26,9,843,9.4,0,2,2,0,0,0,2,0,0.9,0.9,1.6,2.5,30,34,68,0.00,0.21,0.21,0.00,0.21,0.10,0.17,0.27,0.10,0.27
544,Callum Wilson,ENG,FW,Newcastle Utd,33,1992,10,1,207,2.3,0,0,0,0,0,0,1,0,0.3,0.3,0.1,0.4,4,3,7,0.00,0.00,0.00,0.00,0.00,0.15,0.03,0.18,0.15,0.18
545,Harry Wilson,WAL,"FW,MF",Fulham,28,1997,19,8,839,9.3,5,1,6,5,0,0,2,0,3.2,3.2,1.0,4.2,16,42,71,0.54,0.11,0.64,0.54,0.64,0.35,0.11,0.45,0.35,0.45
546,Harry Winks,ENG,MF,Leicester City,29,1996,22,17,1538,17.1,0,2,2,0,0,0,4,0,0.2,0.2,1.2,1.5,19,101,11,0.00,0.12,0.12,0.00,0.12,0.01,0.07,0.09,0.01,0.09
547,Ben Winterburn,ENG,"FW,MF",Bournemouth,20,2004,3,0,23,0.3,0,0,0,0,0,0,0,0,0.0,0.0,0.0,0.0,2,0,2,0.00,0.00,0.00,0.00,0.00,0.00,0.00,0.00,0.00,0.00
548,Yoane Wissa,COD,FW,Brentford,28,1996,28,27,2290,25.4,14,2,16,14,0,0,2,0,14.1,14.1,1.8,15.9,45,53,126,0.55,0.08,0.63,0.55,0.63,0.56,0.07,0.63,0.56,0.63
549,Chris Wood,NZL,FW,Nott'ham Forest,33,1991,29,28,2344,26.0,18,3,21,15,3,3,1,0,11.0,8.7,1.9,10.6,13,33,72,0.69,0.12,0.81,0.58,0.69,0.42,0.07,0.50,0.33,0.41
550,Nathan Wood-Gordon,ENG,DF,Southampton,22,2002,9,7,624,6.9,0,0,0,0,0,0,2,0,0.2,0.2,0.0,0.3,2,17,0,0.00,0.00,0.00,0.00,0.00,0.03,0.00,0.04,0.03,0.04
551,Luke Woolfenden,ENG,DF,Ipswich Town,26,1998,13,10,1007,11.2,0,0,0,0,0,0,2,0,0.0,0.0,0.0,0.0,7,15,0,0.00,0.00,0.00,0.00,0.00,0.00,0.00,0.00,0.00,0.00
552,Yehor Yarmoliuk,UKR,MF,Brentford,21,2004,24,9,942,10.5,0,0,0,0,0,0,3,0,0.6,0.6,0.3,0.9,12,40,40,0.00,0.00,0.00,0.00,0.00,0.06,0.03,0.08,0.06,0.08
553,Ryan Yates,ENG,MF,Nott'ham Forest,27,1997,28,17,1726,19.2,2,1,3,2,0,0,8,0,2.3,2.3,1.1,3.4,17,45,12,0.10,0.05,0.16,0.10,0.16,0.12,0.06,0.18,0.12,0.18
554,Leny Yoro,FRA,DF,Manchester Utd,19,2005,16,9,877,9.7,0,0,0,0,0,0,4,0,0.7,0.7,0.0,0.7,15,43,4,0.00,0.00,0.00,0.00,0.00,0.07,0.00,0.07,0.07,0.07
555,Ashley Young,ENG,"DF,FW",Everton,39,1985,27,17,1586,17.6,1,3,4,1,0,0,6,1,0.3,0.3,1.6,1.8,19,81,25,0.06,0.17,0.23,0.06,0.23,0.02,0.09,0.10,0.02,0.10
556,Illia Zabarnyi,UKR,DF,Bournemouth,22,2002,29,29,2527,28.1,0,0,0,0,0,0,3,1,1.0,1.0,0.5,1.5,18,104,3,0.00,0.00,0.00,0.00,0.00,0.03,0.02,0.05,0.03,0.05
557,Oleksandr Zinchenko,UKR,"DF,MF",Arsenal,28,1996,10,2,299,3.3,0,0,0,0,0,0,1,0,0.2,0.2,0.0,0.2,7,21,7,0.00,0.00,0.00,0.00,0.00,0.05,0.01,0.05,0.05,0.05
558,Joshua Zirkzee,NED,"FW,MF",Manchester Utd,23,2001,31,13,1348,15.0,3,1,4,3,0,0,2,0,4.7,4.7,1.5,6.2,13,41,69,0.20,0.07,0.27,0.20,0.27,0.31,0.10,0.41,0.31,0.41
559,Martin Ødegaard,NOR,MF,Arsenal,26,1998,23,21,1836,20.4,2,4,6,1,1,1,3,0,4.2,3.4,4.1,7.5,66,192,125,0.10,0.20,0.29,0.05,0.25,0.21,0.20,0.41,0.17,0.37
